Track,Event Type,Midi Note,Note Name,Velocity,Duration (seconds),Time (seconds)
0,note_on,68,G#4,0.3858267716535433,0.10258618124999952,6.72413625
0,note_on,69,A4,0.3858267716535433,0.10258618124999952,6.8275845
0,note_on,68,G#4,0.3858267716535433,0.10258618124999952,6.93103275
0,note_on,67,G4,0.3858267716535433,0.10258618124999952,7.034481
0,note_on,68,G#4,0.3858267716535433,0.10258618124999952,7.13792925
0,note_on,73,C#5,0.3858267716535433,0.10258618124999952,7.2413775000000005
0,note_on,76,E5,0.3858267716535433,0.10258618124999952,7.34482575
0,note_on,75,D#5,0.3858267716535433,0.10258618124999952,7.4482740000000005
0,note_on,73,C#5,0.3858267716535433,0.10258618124999952,7.55172225
0,note_on,75,D#5,0.3858267716535433,0.10258618124999952,7.6551705000000005
0,note_on,73,C#5,0.3858267716535433,0.10258618124999952,7.75861875
0,note_on,72,C5,0.3858267716535433,0.10258618124999952,7.862067000000001
0,note_on,73,C#5,0.3858267716535433,0.10258618124999952,7.96551525
0,note_on,76,E5,0.3858267716535433,0.10258618124999863,8.0689635
0,note_on,80,G#5,0.3858267716535433,0.10258618125000041,8.17241175
0,note_on,68,G#4,0.3858267716535433,0.10258618124999863,8.379308250000001
0,note_on,69,A4,0.3858267716535433,0.10258618124999863,8.4827565
0,note_on,68,G#4,0.3858267716535433,0.10258618124999863,8.58620475
0,note_on,67,G4,0.3858267716535433,0.10258618125000041,8.689653
0,note_on,68,G#4,0.3858267716535433,0.10258618124999863,8.793101250000001
0,note_on,73,C#5,0.3858267716535433,0.10258618124999863,8.8965495
0,note_on,76,E5,0.3858267716535433,0.10258618124999863,8.99999775
0,note_on,75,D#5,0.3858267716535433,0.10258618125000041,9.103446
0,note_on,73,C#5,0.3858267716535433,0.10258618124999863,9.206894250000001
0,note_on,75,D#5,0.3858267716535433,0.10258618124999863,9.3103425
0,note_on,73,C#5,0.3858267716535433,0.10258618124999863,9.41379075
0,note_on,72,C5,0.3858267716535433,0.10258618125000041,9.517239
0,note_on,73,C#5,0.3858267716535433,0.10258618124999863,9.620687250000001
0,note_on,76,E5,0.3858267716535433,0.10258618124999863,9.724135500000001
0,note_on,80,G#5,0.3858267716535433,0.10258618124999863,9.82758375
0,note_on,69,A4,0.5039370078740157,0.10258618125000041,10.03448025
0,note_on,73,C#5,0.5039370078740157,0.10258618124999863,10.137928500000001
0,note_on,75,D#5,0.5039370078740157,0.10258618124999863,10.24137675
0,note_on,78,F#5,0.6299212598425197,0.10258618125000041,10.344825
0,note_on,81,A5,0.6299212598425197,0.10258618125000041,10.44827325
0,note_on,85,C#6,0.6299212598425197,0.10258618124999863,10.551721500000001
0,note_on,87,D#6,0.6299212598425197,0.10258618124999863,10.65516975
0,note_on,95,B6,0.7559055118110236,0.10258618125000041,10.758618
0,note_on,93,A6,0.7559055118110236,0.10258618125000041,10.86206625
0,note_on,92,G#6,0.7559055118110236,0.10258618124999863,10.965514500000001
0,note_on,90,F#6,0.7559055118110236,0.10258618124999863,11.06896275
0,note_on,88,E6,0.7559055118110236,0.10258618125000041,11.172411
0,note_on,87,D#6,0.7559055118110236,0.10258618125000041,11.27585925
0,note_on,90,F#6,0.7559055118110236,0.10258618124999863,11.379307500000001
0,note_on,85,C#6,0.7559055118110236,0.10258618124999863,11.48275575
0,note_on,84,C6,0.6299212598425197,0.10258618125000041,11.586204
0,note_on,87,D#6,0.6299212598425197,0.10258618125000041,11.68965225
0,note_on,81,A5,0.6299212598425197,0.10258618124999863,11.793100500000001
0,note_on,80,G#5,0.6299212598425197,0.10258618124999863,11.896548750000001
0,note_on,78,F#5,0.6299212598425197,0.10258618124999863,11.999997
0,note_on,81,A5,0.6299212598425197,0.10258618125000041,12.10344525
0,note_on,76,E5,0.6299212598425197,0.10258618124999863,12.206893500000001
0,note_on,75,D#5,0.6299212598425197,0.10258618124999863,12.310341750000001
0,note_on,78,F#5,0.5039370078740157,0.10258618124999863,12.41379
0,note_on,73,C#5,0.5039370078740157,0.10258618125000041,12.51723825
0,note_on,72,C5,0.5039370078740157,0.10258618124999863,12.620686500000001
0,note_on,75,D#5,0.5039370078740157,0.10258618124999863,12.724134750000001
0,note_on,69,A4,0.5039370078740157,0.10258618124999863,12.827583
0,note_on,68,G#4,0.5039370078740157,0.10258618125000041,12.93103125
0,note_on,71,B4,0.5039370078740157,0.10258618124999863,13.034479500000002
0,note_on,69,A4,0.5039370078740157,0.20603443124999998,13.137927750000001
0,note_on,68,G#4,0.3858267716535433,0.10258618125000041,13.34482425
0,note_on,69,A4,0.3858267716535433,0.10258618125000218,13.4482725
0,note_on,68,G#4,0.3858267716535433,0.10258618125000041,13.551720750000001
0,note_on,67,G4,0.3858267716535433,0.10258618125000041,13.655169
0,note_on,68,G#4,0.3858267716535433,0.10258618125000041,13.75861725
0,note_on,73,C#5,0.3858267716535433,0.10258618125000218,13.8620655
0,note_on,76,E5,0.3858267716535433,0.10258618125000041,13.965513750000001
0,note_on,75,D#5,0.3858267716535433,0.10258618125000041,14.068962
0,note_on,73,C#5,0.3858267716535433,0.10258618125000041,14.17241025
0,note_on,75,D#5,0.3858267716535433,0.10258618125000218,14.2758585
0,note_on,73,C#5,0.3858267716535433,0.10258618125000041,14.379306750000001
0,note_on,72,C5,0.3858267716535433,0.10258618125000041,14.482755000000001
0,note_on,73,C#5,0.3858267716535433,0.10258618125000041,14.58620325
0,note_on,76,E5,0.3858267716535433,0.10258618125000218,14.6896515
0,note_on,80,G#5,0.3858267716535433,0.10258618125000041,14.793099750000001
0,note_on,68,G#4,0.3858267716535433,0.10258618125000041,14.99999625
0,note_on,70,A#4,0.3858267716535433,0.10258618125000218,15.1034445
0,note_on,68,G#4,0.3858267716535433,0.10258618125000041,15.206892750000002
0,note_on,67,G4,0.3858267716535433,0.10258618125000041,15.310341000000001
0,note_on,68,G#4,0.3858267716535433,0.10258618125000041,15.41378925
0,note_on,73,C#5,0.3858267716535433,0.10258618125000218,15.5172375
0,note_on,76,E5,0.3858267716535433,0.10258618125000041,15.620685750000002
0,note_on,75,D#5,0.3858267716535433,0.10258618125000041,15.724134000000001
0,note_on,73,C#5,0.3858267716535433,0.10258618125000041,15.82758225
0,note_on,75,D#5,0.3858267716535433,0.10258618125000218,15.9310305
0,note_on,73,C#5,0.3858267716535433,0.10258618125000041,16.03447875
0,note_on,72,C5,0.3858267716535433,0.10258618125000041,16.137927
0,note_on,73,C#5,0.3858267716535433,0.10258618125000041,16.24137525
0,note_on,76,E5,0.3858267716535433,0.10258618125000041,16.3448235
0,note_on,80,G#5,0.3858267716535433,0.10258618125000041,16.44827175
0,note_on,75,D#5,0.5039370078740157,0.10258618125000041,16.55172
0,note_on,76,E5,0.5039370078740157,0.10258618125000396,16.65516825
0,note_on,75,D#5,0.5039370078740157,0.10258618125000041,16.758616500000002
0,note_on,74,D5,0.5039370078740157,0.10258618125000041,16.862064750000002
0,note_on,75,D#5,0.6299212598425197,0.10258618125000041,16.965513
0,note_on,83,B5,0.6299212598425197,0.10258618125000041,17.06896125
0,note_on,82,A#5,0.6299212598425197,0.10258618125000041,17.1724095
0,note_on,80,G#5,0.6299212598425197,0.10258618125000041,17.27585775
0,note_on,79,G5,0.7559055118110236,0.10258618125000041,17.379306
0,note_on,88,E6,0.7559055118110236,0.10258618125000396,17.48275425
0,note_on,87,D#6,0.7559055118110236,0.10258618125000041,17.586202500000002
0,note_on,85,C#6,0.7559055118110236,0.10258618125000041,17.689650750000002
0,note_on,83,B5,0.7559055118110236,0.10258618125000041,17.793099
0,note_on,82,A#5,0.7559055118110236,0.10258618125000041,17.89654725
0,note_on,80,G#5,0.7559055118110236,0.10258618125000041,17.9999955
0,note_on,79,G5,0.7559055118110236,0.10258618125000041,18.10344375
0,note_on,82,A#5,0.6299212598425197,0.10258618125000041,18.206892
0,note_on,80,G#5,0.6299212598425197,0.10258618125000396,18.31034025
0,note_on,83,B5,0.6299212598425197,0.10258618125000041,18.413788500000003
0,note_on,74,D5,0.6299212598425197,0.10258618125000041,18.517236750000002
0,note_on,76,E5,0.5039370078740157,0.10258618125000041,18.620685
0,note_on,75,D#5,0.5039370078740157,0.10258618125000041,18.72413325
0,note_on,80,G#5,0.5039370078740157,0.10258618125000041,18.8275815
0,note_on,70,A#4,0.5039370078740157,0.10258618125000041,18.93102975
0,note_on,73,C#5,0.3858267716535433,0.10258618125000041,19.034478
0,note_on,71,B4,0.3858267716535433,0.10258618125000396,19.13792625
0,note_on,75,D#5,0.3858267716535433,0.10258618125000041,19.241374500000003
0,note_on,67,G4,0.3858267716535433,0.10258618125000041,19.344822750000002
0,note_on,69,A4,0.25984251968503935,0.10258618125000041,19.448271000000002
0,note_on,68,G#4,0.25984251968503935,0.10258618125000041,19.55171925
0,note_on,67,G4,0.25984251968503935,0.10258618125000041,19.6551675
0,note_on,68,G#4,0.25984251968503935,0.10258618125000041,19.75861575
0,note_on,68,G#4,0.7559055118110236,0.10258618125000041,19.862064
0,note_on,80,G#5,0.7559055118110236,0.10258618125000041,19.96551225
0,note_on,72,C5,0.7559055118110236,0.10258618125000396,20.0689605
0,note_on,73,C#5,0.7559055118110236,0.10258618125000041,20.172408750000002
0,note_on,66,F#4,0.7559055118110236,0.10258618125000041,20.275857000000002
0,note_on,78,F#5,0.7559055118110236,0.10258618125000041,20.37930525
0,note_on,72,C5,0.7559055118110236,0.10258618125000041,20.4827535
0,note_on,73,C#5,0.7559055118110236,0.10258618125000041,20.58620175
0,note_on,65,F4,0.7559055118110236,0.10258618125000041,20.68965
0,note_on,77,F5,0.7559055118110236,0.10258618125000041,20.79309825
0,note_on,72,C5,0.7559055118110236,0.10258618125000396,20.8965465
0,note_on,73,C#5,0.7559055118110236,0.10258618125000041,20.999994750000003
0,note_on,66,F#4,0.7559055118110236,0.10258618125000041,21.103443000000002
0,note_on,78,F#5,0.7559055118110236,0.10258618125000041,21.20689125
0,note_on,72,C5,0.7559055118110236,0.10258618125000041,21.3103395
0,note_on,73,C#5,0.7559055118110236,0.10258618125000041,21.41378775
0,note_on,61,C#4,0.7559055118110236,0.10258618125000041,21.517236
0,note_on,73,C#5,0.7559055118110236,0.10258618125000041,21.62068425
0,note_on,66,F#4,0.7559055118110236,0.10258618125000396,21.7241325
0,note_on,69,A4,0.7559055118110236,0.10258618125000041,21.827580750000003
0,note_on,63,D#4,0.7559055118110236,0.10258618125000041,21.931029000000002
0,note_on,75,D#5,0.7559055118110236,0.10258618125000041,22.034477250000002
0,note_on,66,F#4,0.7559055118110236,0.10258618125000041,22.1379255
0,note_on,69,A4,0.7559055118110236,0.10258618125000041,22.24137375
0,note_on,64,E4,0.7559055118110236,0.10258618125000041,22.344822
0,note_on,76,E5,0.7559055118110236,0.10258618125000041,22.44827025
0,note_on,68,G#4,0.7559055118110236,0.10258618125000396,22.5517185
0,note_on,71,B4,0.7559055118110236,0.10258618125000041,22.655166750000003
0,note_on,68,G#4,0.7559055118110236,0.10258618125000041,22.758615000000002
0,note_on,80,G#5,0.7559055118110236,0.10258618125000041,22.862063250000002
0,note_on,71,B4,0.7559055118110236,0.10258618125000041,22.9655115
0,note_on,76,E5,0.7559055118110236,0.10258618125000041,23.06895975
0,note_on,68,G#4,0.7559055118110236,0.10258618125000041,23.172408
0,note_on,80,G#5,0.7559055118110236,0.10258618125000041,23.27585625
0,note_on,72,C5,0.7559055118110236,0.10258618125000041,23.3793045
0,note_on,73,C#5,0.7559055118110236,0.10258618125000396,23.48275275
0,note_on,66,F#4,0.7559055118110236,0.10258618125000041,23.586201000000003
0,note_on,78,F#5,0.7559055118110236,0.10258618125000041,23.689649250000002
0,note_on,72,C5,0.7559055118110236,0.10258618125000041,23.793097500000002
0,note_on,73,C#5,0.7559055118110236,0.10258618125000041,23.89654575
0,note_on,65,F4,0.7559055118110236,0.10258618125000041,23.999994
0,note_on,77,F5,0.7559055118110236,0.10258618125000041,24.10344225
0,note_on,72,C5,0.7559055118110236,0.10258618125000041,24.2068905
0,note_on,73,C#5,0.7559055118110236,0.10258618125000396,24.31033875
0,note_on,66,F#4,0.7559055118110236,0.10258618125000041,24.413787000000003
0,note_on,78,F#5,0.7559055118110236,0.10258618125000041,24.517235250000002
0,note_on,72,C5,0.7559055118110236,0.10258618125000041,24.620683500000002
0,note_on,73,C#5,0.7559055118110236,0.10258618125000041,24.72413175
0,note_on,65,F4,0.7559055118110236,0.10258618125000041,24.82758
0,note_on,77,F5,0.7559055118110236,0.10258618125000041,24.93102825
0,note_on,71,B4,0.7559055118110236,0.10258618125000041,25.0344765
0,note_on,75,D#5,0.7559055118110236,0.10258618125000396,25.13792475
0,note_on,66,F#4,0.7559055118110236,0.10258618125000041,25.241373000000003
0,note_on,78,F#5,0.7559055118110236,0.10258618125000041,25.344821250000003
0,note_on,71,B4,0.7559055118110236,0.10258618125000041,25.448269500000002
0,note_on,75,D#5,0.7559055118110236,0.10258618125000041,25.55171775
0,note_on,69,A4,0.7559055118110236,0.10258618125000041,25.655166
0,note_on,81,A5,0.7559055118110236,0.10258618125000041,25.75861425
0,note_on,71,B4,0.7559055118110236,0.10258618125000041,25.8620625
0,note_on,76,E5,0.7559055118110236,0.10258618125000396,25.96551075
0,note_on,68,G#4,0.7559055118110236,0.10258618125000041,26.068959000000003
0,note_on,80,G#5,0.7559055118110236,0.10258618125000041,26.172407250000003
0,note_on,71,B4,0.7559055118110236,0.10258618125000041,26.275855500000002
0,note_on,76,E5,0.7559055118110236,0.10258618125000041,26.379303750000002
0,note_on,68,G#4,0.3858267716535433,0.10258618125000041,26.482752
0,note_on,80,G#5,0.3858267716535433,0.10258618125000041,26.58620025
0,note_on,72,C5,0.3858267716535433,0.10258618125000041,26.6896485
0,note_on,73,C#5,0.3858267716535433,0.10258618125000041,26.79309675
0,note_on,66,F#4,0.3858267716535433,0.10258618125000396,26.896545
0,note_on,78,F#5,0.3858267716535433,0.10258618125000041,26.999993250000003
0,note_on,72,C5,0.3858267716535433,0.10258618125000041,27.103441500000002
0,note_on,73,C#5,0.3858267716535433,0.10258618125000041,27.206889750000002
0,note_on,65,F4,0.3858267716535433,0.10258618125000041,27.310338
0,note_on,77,F5,0.3858267716535433,0.10258618125000041,27.41378625
0,note_on,72,C5,0.3858267716535433,0.10258618125000041,27.5172345
0,note_on,73,C#5,0.3858267716535433,0.10258618125000041,27.62068275
0,note_on,66,F#4,0.3858267716535433,0.10258618125000396,27.724131
0,note_on,78,F#5,0.3858267716535433,0.10258618125000041,27.827579250000003
0,note_on,72,C5,0.3858267716535433,0.10258618125000041,27.931027500000003
0,note_on,73,C#5,0.3858267716535433,0.10258618125000041,28.034475750000002
0,note_on,61,C#4,0.3858267716535433,0.10258618125000041,28.137924
0,note_on,73,C#5,0.3858267716535433,0.10258618125000041,28.24137225
0,note_on,66,F#4,0.3858267716535433,0.10258618125000041,28.3448205
0,note_on,69,A4,0.3858267716535433,0.10258618125000041,28.44826875
0,note_on,63,D#4,0.3858267716535433,0.10258618125000396,28.551717
0,note_on,75,D#5,0.3858267716535433,0.10258618125000041,28.655165250000003
0,note_on,66,F#4,0.3858267716535433,0.10258618125000041,28.758613500000003
0,note_on,69,A4,0.3858267716535433,0.10258618125000041,28.862061750000002
0,note_on,64,E4,0.3858267716535433,0.10258618125000041,28.965510000000002
0,note_on,76,E5,0.3858267716535433,0.10258618125000041,29.06895825
0,note_on,68,G#4,0.3858267716535433,0.10258618125000041,29.1724065
0,note_on,71,B4,0.3858267716535433,0.10258618125000041,29.27585475
0,note_on,68,G#4,0.5039370078740157,0.10258618125000041,29.379303
0,note_on,80,G#5,0.5039370078740157,0.10258618125000041,29.482751250000003
0,note_on,71,B4,0.5039370078740157,0.10258618125000041,29.586199500000003
0,note_on,76,E5,0.5039370078740157,0.10258618125000041,29.689647750000002
0,note_on,68,G#4,0.5039370078740157,0.10258618125000041,29.793096000000002
0,note_on,80,G#5,0.5039370078740157,0.10258618125000041,29.89654425
0,note_on,72,C5,0.6299212598425197,0.10258618125000041,29.9999925
0,note_on,73,C#5,0.6299212598425197,0.10258618125000041,30.10344075
0,note_on,66,F#4,0.6299212598425197,0.10258618125000041,30.206889
0,note_on,78,F#5,0.6299212598425197,0.10258618125000396,30.31033725
0,note_on,72,C5,0.6299212598425197,0.10258618125000041,30.413785500000003
0,note_on,73,C#5,0.6299212598425197,0.10258618125000041,30.517233750000003
0,note_on,75,D#5,0.7559055118110236,0.10258618125000041,30.620682000000002
0,note_on,87,D#6,0.7559055118110236,0.10258618125000041,30.72413025
0,note_on,78,F#5,0.7559055118110236,0.10258618125000041,30.8275785
0,note_on,81,A5,0.7559055118110236,0.10258618125000041,30.93102675
0,note_on,73,C#5,0.7559055118110236,0.10258618125000041,31.034475
0,note_on,85,C#6,0.7559055118110236,0.10258618125000396,31.13792325
0,note_on,78,F#5,0.7559055118110236,0.10258618125000041,31.241371500000003
0,note_on,81,A5,0.7559055118110236,0.10258618125000041,31.344819750000003
0,note_on,73,C#5,0.6299212598425197,0.10258618125000041,31.448268000000002
0,note_on,85,C#6,0.6299212598425197,0.10258618125000041,31.551716250000002
0,note_on,75,D#5,0.6299212598425197,0.10258618125000041,31.6551645
0,note_on,78,F#5,0.6299212598425197,0.10258618125000041,31.75861275
0,note_on,72,C5,0.6299212598425197,0.10258618125000041,31.862061
0,note_on,84,C6,0.6299212598425197,0.10258618125000041,31.96550925
0,note_on,75,D#5,0.6299212598425197,0.10258618124999686,32.0689575
0,note_on,78,F#5,0.6299212598425197,0.10258618124999686,32.17240575
0,note_on,72,C5,0.6299212598425197,0.10258618124999686,32.275854
0,note_on,84,C6,0.6299212598425197,0.10258618125000396,32.37930225
0,note_on,75,D#5,0.6299212598425197,0.10258618125000396,32.4827505
0,note_on,78,F#5,0.6299212598425197,0.10258618125000396,32.58619875
0,note_on,72,C5,0.6299212598425197,0.10258618125000396,32.689647
0,note_on,84,C6,0.6299212598425197,0.10258618125000396,32.79309525
0,note_on,75,D#5,0.6299212598425197,0.10258618125000396,32.8965435
0,note_on,78,F#5,0.6299212598425197,0.10258618125000396,32.99999175
0,note_on,72,C5,0.5039370078740157,0.10258618125000396,33.10344
0,note_on,84,C6,0.5039370078740157,0.10258618125000396,33.20688825
0,note_on,75,D#5,0.5039370078740157,0.10258618125000396,33.3103365
0,note_on,78,F#5,0.5039370078740157,0.10258618124999686,33.413784750000005
0,note_on,71,B4,0.5039370078740157,0.10258618124999686,33.517233000000004
0,note_on,83,B5,0.5039370078740157,0.10258618124999686,33.620681250000004
0,note_on,75,D#5,0.5039370078740157,0.10258618124999686,33.724129500000004
0,note_on,78,F#5,0.5039370078740157,0.10258618124999686,33.82757775
0,note_on,71,B4,0.5039370078740157,0.10258618124999686,33.931026
0,note_on,83,B5,0.5039370078740157,0.10258618124999686,34.03447425
0,note_on,75,D#5,0.5039370078740157,0.10258618125000396,34.1379225
0,note_on,78,F#5,0.5039370078740157,0.10258618125000396,34.24137075
0,note_on,70,A#4,0.5039370078740157,0.10258618125000396,34.344819
0,note_on,82,A#5,0.5039370078740157,0.10258618125000396,34.44826725
0,note_on,75,D#5,0.5039370078740157,0.10258618125000396,34.5517155
0,note_on,78,F#5,0.5039370078740157,0.10258618125000396,34.65516375
0,note_on,70,A#4,0.3858267716535433,0.10258618125000396,34.758612
0,note_on,82,A#5,0.3858267716535433,0.10258618125000396,34.86206025
0,note_on,75,D#5,0.3858267716535433,0.10258618125000396,34.9655085
0,note_on,78,F#5,0.3858267716535433,0.10258618124999686,35.068956750000005
0,note_on,69,A4,0.3858267716535433,0.10258618124999686,35.172405000000005
0,note_on,81,A5,0.3858267716535433,0.10258618124999686,35.275853250000004
0,note_on,75,D#5,0.3858267716535433,0.10258618124999686,35.379301500000004
0,note_on,78,F#5,0.3858267716535433,0.10258618124999686,35.48274975
0,note_on,69,A4,0.3858267716535433,0.10258618124999686,35.586198
0,note_on,81,A5,0.3858267716535433,0.10258618124999686,35.68964625
0,note_on,75,D#5,0.3858267716535433,0.10258618125000396,35.7930945
0,note_on,78,F#5,0.3858267716535433,0.10258618125000396,35.89654275
0,note_on,69,A4,0.3858267716535433,0.10258618125000396,35.999991
0,note_on,81,A5,0.3858267716535433,0.10258618125000396,36.10343925
0,note_on,75,D#5,0.3858267716535433,0.10258618125000396,36.2068875
0,note_on,78,F#5,0.3858267716535433,0.10258618125000396,36.31033575
0,note_on,72,C5,0.25984251968503935,0.10258618125000396,36.413784
0,note_on,84,C6,0.25984251968503935,0.10258618125000396,36.51723225
0,note_on,75,D#5,0.25984251968503935,0.10258618125000396,36.6206805
0,note_on,78,F#5,0.25984251968503935,0.10258618125000396,36.72412875
0,note_on,71,B4,0.25984251968503935,0.10258618124999686,36.827577000000005
0,note_on,83,B5,0.25984251968503935,0.10258618124999686,36.931025250000005
0,note_on,75,D#5,0.25984251968503935,0.10258618124999686,37.034473500000004
0,note_on,78,F#5,0.25984251968503935,0.10258618124999686,37.137921750000004
0,note_on,71,B4,0.25984251968503935,0.10258618124999686,37.24137
0,note_on,83,B5,0.25984251968503935,0.10258618124999686,37.34481825
0,note_on,75,D#5,0.25984251968503935,0.10258618124999686,37.4482665
0,note_on,78,F#5,0.25984251968503935,0.10258618125000396,37.55171475
0,note_on,70,A#4,0.25984251968503935,0.10258618125000396,37.655163
0,note_on,82,A#5,0.25984251968503935,0.10258618125000396,37.75861125
0,note_on,75,D#5,0.25984251968503935,0.10258618125000396,37.8620595
0,note_on,78,F#5,0.25984251968503935,0.10258618125000396,37.96550775
0,note_on,70,A#4,0.25984251968503935,0.10258618125000396,38.068956
0,note_on,82,A#5,0.25984251968503935,0.10258618125000396,38.17240425
0,note_on,75,D#5,0.25984251968503935,0.10258618125000396,38.2758525
0,note_on,78,F#5,0.25984251968503935,0.10258618125000396,38.37930075
0,note_on,69,A4,0.25984251968503935,0.10258618124999686,38.482749000000005
0,note_on,81,A5,0.25984251968503935,0.10258618124999686,38.586197250000005
0,note_on,75,D#5,0.25984251968503935,0.10258618124999686,38.689645500000005
0,note_on,78,F#5,0.25984251968503935,0.10258618124999686,38.793093750000004
0,note_on,69,A4,0.25984251968503935,0.14874975208333296,38.896542000000004
0,note_on,81,A5,0.25984251968503935,0.14874975208333296,39.04654175
0,note_on,75,D#5,0.25984251968503935,0.14874975208333296,39.1965415
0,note_on,78,F#5,0.25984251968503935,0.14874975208333296,39.34654125
0,note_on,68,G#4,0.25984251968503935,0.14874975208333296,39.496541
0,note_on,80,G#5,0.25984251968503935,0.14874975208333296,39.64654075000001
0,note_on,75,D#5,0.25984251968503935,0.14874975208333296,39.796540500000006
0,note_on,78,F#5,0.25984251968503935,0.14874975208333296,39.946540250000005
0,note_on,68,G#4,0.3858267716535433,0.10258618125000396,40.199988250000004
0,note_on,69,A4,0.3858267716535433,0.10258618125000396,40.303436500000004
0,note_on,68,G#4,0.3858267716535433,0.10258618125000396,40.40688475
0,note_on,67,G4,0.3858267716535433,0.10258618125000396,40.510333
0,note_on,68,G#4,0.3858267716535433,0.10258618125000396,40.61378125
0,note_on,73,C#5,0.3858267716535433,0.10258618125000396,40.7172295
0,note_on,76,E5,0.3858267716535433,0.10258618125000396,40.82067775
0,note_on,75,D#5,0.3858267716535433,0.10258618125000396,40.924126
0,note_on,73,C#5,0.3858267716535433,0.10258618124999686,41.02757425000001
0,note_on,75,D#5,0.3858267716535433,0.10258618124999686,41.13102250000001
0,note_on,73,C#5,0.3858267716535433,0.10258618124999686,41.23447075000001
0,note_on,72,C5,0.3858267716535433,0.10258618124999686,41.33791900000001
0,note_on,73,C#5,0.3858267716535433,0.10258618124999686,41.441367250000006
0,note_on,76,E5,0.3858267716535433,0.10258618124999686,41.544815500000006
0,note_on,80,G#5,0.3858267716535433,0.10258618124999686,41.648263750000005
0,note_on,68,G#4,0.3858267716535433,0.10258618124999686,41.855160250000004
0,note_on,69,A4,0.3858267716535433,0.10258618125000396,41.958608500000004
0,note_on,68,G#4,0.3858267716535433,0.10258618125000396,42.06205675
0,note_on,67,G4,0.3858267716535433,0.10258618125000396,42.165505
0,note_on,68,G#4,0.3858267716535433,0.10258618125000396,42.26895325
0,note_on,73,C#5,0.3858267716535433,0.10258618125000396,42.3724015
0,note_on,76,E5,0.3858267716535433,0.10258618125000396,42.47584975
0,note_on,75,D#5,0.3858267716535433,0.10258618125000396,42.579298
0,note_on,73,C#5,0.3858267716535433,0.10258618124999686,42.68274625000001
0,note_on,75,D#5,0.3858267716535433,0.10258618124999686,42.78619450000001
0,note_on,73,C#5,0.3858267716535433,0.10258618124999686,42.88964275000001
0,note_on,72,C5,0.3858267716535433,0.10258618124999686,42.99309100000001
0,note_on,73,C#5,0.3858267716535433,0.10258618124999686,43.096539250000006
0,note_on,76,E5,0.3858267716535433,0.10258618124999686,43.199987500000006
0,note_on,80,G#5,0.3858267716535433,0.10258618124999686,43.303435750000006
0,note_on,69,A4,0.3858267716535433,0.10258618124999686,43.510332250000005
0,note_on,73,C#5,0.3858267716535433,0.10258618125000396,43.613780500000004
0,note_on,75,D#5,0.3858267716535433,0.10258618125000396,43.717228750000004
0,note_on,78,F#5,0.5039370078740157,0.10258618125000396,43.820677
0,note_on,81,A5,0.5039370078740157,0.10258618125000396,43.92412525
0,note_on,85,C#6,0.5039370078740157,0.10258618125000396,44.0275735
0,note_on,87,D#6,0.5039370078740157,0.10258618125000396,44.13102175
0,note_on,95,B6,0.5039370078740157,0.10258618125000396,44.23447
0,note_on,93,A6,0.5039370078740157,0.10258618125000396,44.33791825
0,note_on,92,G#6,0.5039370078740157,0.10258618125000396,44.4413665
0,note_on,90,F#6,0.5039370078740157,0.10258618124999686,44.54481475000001
0,note_on,88,E6,0.6299212598425197,0.10258618124999686,44.64826300000001
0,note_on,87,D#6,0.6299212598425197,0.10258618124999686,44.75171125000001
0,note_on,90,F#6,0.6299212598425197,0.10258618124999686,44.855159500000006
0,note_on,85,C#6,0.6299212598425197,0.10258618124999686,44.958607750000006
0,note_on,84,C6,0.6299212598425197,0.10258618124999686,45.062056000000005
0,note_on,87,D#6,0.6299212598425197,0.10258618124999686,45.165504250000005
0,note_on,81,A5,0.6299212598425197,0.10258618124999686,45.268952500000005
0,note_on,80,G#5,0.6299212598425197,0.10258618124999686,45.372400750000004
0,note_on,78,F#5,0.5039370078740157,0.10258618125000396,45.475849000000004
0,note_on,81,A5,0.5039370078740157,0.10258618125000396,45.57929725
0,note_on,76,E5,0.5039370078740157,0.10258618125000396,45.6827455
0,note_on,75,D#5,0.5039370078740157,0.10258618125000396,45.78619375
0,note_on,78,F#5,0.5039370078740157,0.10258618125000396,45.889642
0,note_on,73,C#5,0.5039370078740157,0.10258618124999686,45.99309025000001
0,note_on,72,C5,0.5039370078740157,0.10258618124999686,46.09653850000001
0,note_on,75,D#5,0.5039370078740157,0.10258618124999686,46.19998675000001
0,note_on,69,A4,0.5039370078740157,0.10258618124999686,46.30343500000001
0,note_on,68,G#4,0.5039370078740157,0.10258618124999686,46.40688325000001
0,note_on,71,B4,0.5039370078740157,0.10258618124999686,46.51033150000001
0,note_on,69,A4,0.5039370078740157,0.20603443124999643,46.613779750000006
0,note_on,68,G#4,0.3858267716535433,0.10258618124999686,46.820676250000005
0,note_on,69,A4,0.3858267716535433,0.10258618124999686,46.924124500000005
0,note_on,68,G#4,0.3858267716535433,0.10258618124999686,47.027572750000004
0,note_on,67,G4,0.3858267716535433,0.10258618125000396,47.131021000000004
0,note_on,68,G#4,0.3858267716535433,0.10258618125000396,47.234469250000004
0,note_on,73,C#5,0.3858267716535433,0.10258618125000396,47.3379175
0,note_on,76,E5,0.3858267716535433,0.10258618125000396,47.44136575
0,note_on,75,D#5,0.3858267716535433,0.10258618125000396,47.544814
0,note_on,73,C#5,0.3858267716535433,0.10258618125000396,47.64826225
0,note_on,75,D#5,0.3858267716535433,0.10258618125000396,47.7517105
0,note_on,73,C#5,0.3858267716535433,0.10258618125000396,47.85515875
0,note_on,72,C5,0.3858267716535433,0.10258618124999686,47.95860700000001
0,note_on,73,C#5,0.3858267716535433,0.10258618124999686,48.06205525000001
0,note_on,76,E5,0.3858267716535433,0.10258618124999686,48.16550350000001
0,note_on,80,G#5,0.3858267716535433,0.10258618124999686,48.26895175000001
0,note_on,76,E5,0.3858267716535433,0.10258618124999686,48.372400000000006
0,note_on,75,D#5,0.3858267716535433,0.10258618124999686,48.475848250000006
0,note_on,76,E5,0.3858267716535433,0.10258618124999686,48.579296500000005
0,note_on,75,D#5,0.3858267716535433,0.10258618124999686,48.682744750000005
0,note_on,74,D5,0.3858267716535433,0.10258618124999686,48.786193000000004
0,note_on,75,D#5,0.3858267716535433,0.10258618124999686,48.889641250000004
0,note_on,78,F#5,0.3858267716535433,0.10258618124999686,48.9930895
0,note_on,81,A5,0.3858267716535433,0.10258618124999686,49.09653775
0,note_on,78,F#5,0.5039370078740157,0.10258618125000396,49.199986
0,note_on,77,F5,0.5039370078740157,0.10258618124999686,49.30343425000001
0,note_on,78,F#5,0.5039370078740157,0.10258618124999686,49.40688250000001
0,note_on,77,F5,0.5039370078740157,0.10258618124999686,49.51033075000001
0,note_on,76,E5,0.5039370078740157,0.10258618124999686,49.61377900000001
0,note_on,77,F5,0.5039370078740157,0.10258618124999686,49.71722725000001
0,note_on,80,G#5,0.5039370078740157,0.10258618124999686,49.82067550000001
0,note_on,85,C#6,0.5039370078740157,0.10258618124999686,49.92412375000001
0,note_on,76,E5,0.5039370078740157,0.10258618124999686,50.027572000000006
0,note_on,75,D#5,0.5039370078740157,0.10258618124999686,50.131020250000006
0,note_on,76,E5,0.5039370078740157,0.10258618124999686,50.234468500000006
0,note_on,75,D#5,0.5039370078740157,0.10258618124999686,50.337916750000005
0,note_on,74,D5,0.5039370078740157,0.10258618125000396,50.441365000000005
0,note_on,75,D#5,0.5039370078740157,0.10258618125000396,50.544813250000004
0,note_on,78,F#5,0.5039370078740157,0.10258618125000396,50.648261500000004
0,note_on,81,A5,0.5039370078740157,0.10258618125000396,50.75170975
0,note_on,78,F#5,0.5039370078740157,0.10258618125000396,50.855158
0,note_on,77,F5,0.5039370078740157,0.10258618125000396,50.95860625
0,note_on,78,F#5,0.5039370078740157,0.10258618125000396,51.0620545
0,note_on,77,F5,0.5039370078740157,0.10258618125000396,51.16550275
0,note_on,76,E5,0.5039370078740157,0.10258618125000396,51.268951
0,note_on,77,F5,0.5039370078740157,0.10258618125000396,51.37239925
0,note_on,80,G#5,0.5039370078740157,0.10258618124999686,51.47584750000001
0,note_on,85,C#6,0.5039370078740157,0.10258618124999686,51.57929575000001
0,note_on,80,G#5,0.6299212598425197,0.10258618124999686,51.68274400000001
0,note_on,78,F#5,0.6299212598425197,0.10258618124999686,51.786192250000006
0,note_on,80,G#5,0.6299212598425197,0.10258618124999686,51.889640500000006
0,note_on,78,F#5,0.6299212598425197,0.10258618124999686,51.993088750000005
0,note_on,77,F5,0.6299212598425197,0.10258618124999686,52.096537000000005
0,note_on,78,F#5,0.6299212598425197,0.10258618124999686,52.199985250000005
0,note_on,81,A5,0.6299212598425197,0.10258618124999686,52.303433500000004
0,note_on,85,C#6,0.6299212598425197,0.10258618124999686,52.406881750000004
0,note_on,81,A5,0.6299212598425197,0.10258618124999686,52.51033
0,note_on,80,G#5,0.6299212598425197,0.10258618125000396,52.61377825
0,note_on,81,A5,0.6299212598425197,0.10258618124999686,52.71722650000001
0,note_on,80,G#5,0.6299212598425197,0.10258618124999686,52.82067475000001
0,note_on,79,G5,0.6299212598425197,0.10258618124999686,52.92412300000001
0,note_on,80,G#5,0.6299212598425197,0.10258618124999686,53.02757125000001
0,note_on,84,C6,0.6299212598425197,0.10258618124999686,53.13101950000001
0,note_on,87,D#6,0.6299212598425197,0.10258618124999686,53.23446775000001
0,note_on,80,G#5,0.6299212598425197,0.10258618124999686,53.33791600000001
0,note_on,81,A5,0.6299212598425197,0.10258618124999686,53.44136425000001
0,note_on,80,G#5,0.6299212598425197,0.10258618125000396,53.544812500000006
0,note_on,79,G5,0.6299212598425197,0.10258618125000396,53.648260750000006
0,note_on,80,G#5,0.6299212598425197,0.10258618125000396,53.751709000000005
0,note_on,88,E6,0.6299212598425197,0.10258618125000396,53.855157250000005
0,note_on,87,D#6,0.6299212598425197,0.10258618125000396,53.958605500000004
0,note_on,86,D6,0.6299212598425197,0.10258618125000396,54.062053750000004
0,note_on,85,C#6,0.6299212598425197,0.10258618125000396,54.165502000000004
0,note_on,84,C6,0.6299212598425197,0.10258618125000396,54.26895025
0,note_on,83,B5,0.6299212598425197,0.10258618125000396,54.3723985
0,note_on,82,A#5,0.6299212598425197,0.10258618125000396,54.47584675
0,note_on,81,A5,0.6299212598425197,0.10258618125000396,54.579295
0,note_on,80,G#5,0.6299212598425197,0.10258618125000396,54.68274325
0,note_on,79,G5,0.6299212598425197,0.10258618125000396,54.7861915
0,note_on,78,F#5,0.6299212598425197,0.10258618124999686,54.88963975000001
0,note_on,76,E5,0.6299212598425197,0.10258618124999686,54.99308800000001
0,note_on,78,F#5,0.6299212598425197,0.10258618124999686,55.09653625000001
0,note_on,76,E5,0.6299212598425197,0.10258618124999686,55.19998450000001
0,note_on,75,D#5,0.6299212598425197,0.10258618124999686,55.303432750000006
0,note_on,76,E5,0.6299212598425197,0.10258618124999686,55.406881000000006
0,note_on,88,E6,0.6299212598425197,0.10258618124999686,55.510329250000005
0,note_on,87,D#6,0.6299212598425197,0.10258618125000396,55.613777500000005
0,note_on,86,D6,0.6299212598425197,0.10258618125000396,55.717225750000004
0,note_on,85,C#6,0.6299212598425197,0.10258618125000396,55.820674000000004
0,note_on,84,C6,0.6299212598425197,0.10258618125000396,55.92412225
0,note_on,83,B5,0.6299212598425197,0.10258618125000396,56.0275705
0,note_on,82,A#5,0.6299212598425197,0.10258618124999686,56.13101875000001
0,note_on,81,A5,0.6299212598425197,0.10258618124999686,56.23446700000001
0,note_on,80,G#5,0.6299212598425197,0.10258618124999686,56.33791525000001
0,note_on,79,G5,0.6299212598425197,0.10258618124999686,56.44136350000001
0,note_on,78,F#5,0.6299212598425197,0.10258618124999686,56.54481175000001
0,note_on,80,G#5,0.6299212598425197,0.10258618124999686,56.64826000000001
0,note_on,92,G#6,0.7559055118110236,0.10258618125000396,56.85515650000001
0,note_on,91,G6,0.7559055118110236,0.10258618125000396,56.958604750000006
0,note_on,90,F#6,0.7559055118110236,0.10258618125000396,57.062053000000006
0,note_on,89,F6,0.7559055118110236,0.10258618125000396,57.165501250000005
0,note_on,88,E6,0.7559055118110236,0.10258618125000396,57.268949500000005
0,note_on,87,D#6,0.7559055118110236,0.10258618125000396,57.372397750000005
0,note_on,86,D6,0.7559055118110236,0.10258618125000396,57.475846000000004
0,note_on,85,C#6,0.7559055118110236,0.10258618125000396,57.579294250000004
0,note_on,84,C6,0.7559055118110236,0.10258618125000396,57.6827425
0,note_on,83,B5,0.7559055118110236,0.10258618125000396,57.78619075
0,note_on,82,A#5,0.7559055118110236,0.10258618125000396,57.889639
0,note_on,81,A5,0.7559055118110236,0.10258618125000396,57.99308725
0,note_on,80,G#5,0.7559055118110236,0.10258618125000396,58.0965355
0,note_on,79,G5,0.7559055118110236,0.10258618125000396,58.19998375
0,note_on,78,F#5,0.7559055118110236,0.10258618125000396,58.303432
0,note_on,77,F5,0.7559055118110236,0.10258618125000396,58.40688025
0,note_on,76,E5,0.7559055118110236,0.10258618124999686,58.51032850000001
0,note_on,75,D#5,0.7559055118110236,0.10258618124999686,58.61377675000001
0,note_on,74,D5,0.7559055118110236,0.10258618124999686,58.717225000000006
0,note_on,73,C#5,0.7559055118110236,0.10258618124999686,58.820673250000006
0,note_on,72,C5,0.7559055118110236,0.10258618124999686,58.924121500000005
0,note_on,71,B4,0.7559055118110236,0.10258618124999686,59.027569750000005
0,note_on,70,A#4,0.7559055118110236,0.10258618124999686,59.131018000000005
0,note_on,69,A4,0.7559055118110236,0.10258618125000396,59.234466250000004
0,note_on,68,G#4,0.7559055118110236,0.10258618124999686,59.33791450000001
0,note_on,67,G4,0.7559055118110236,0.10258618124999686,59.44136275000001
0,note_on,66,F#4,0.7559055118110236,0.10258618124999686,59.54481100000001
0,note_on,64,E4,0.7559055118110236,0.10258618124999686,59.64825925000001
0,note_on,63,D#4,0.7559055118110236,0.10258618124999686,59.75170750000001
0,note_on,61,C#4,0.7559055118110236,0.10258618124999686,59.85515575000001
0,note_on,56,G#3,0.8818897637795275,0.10258618124999686,59.95860400000001
0,note_on,93,A6,0.8818897637795275,0.10258618125000396,60.37239700000001
0,note_on,92,G#6,0.8818897637795275,0.10258618125000396,60.475845250000006
0,note_on,100,E7,0.8818897637795275,0.10258618125000396,60.579293500000006
0,note_on,88,E6,0.8818897637795275,0.10258618125000396,60.682741750000005
0,note_on,90,F#6,0.8818897637795275,0.10258618125000396,60.786190000000005
0,note_on,88,E6,0.8818897637795275,0.10258618125000396,60.889638250000004
0,note_on,97,C#7,0.8818897637795275,0.10258618125000396,60.993086500000004
0,note_on,85,C#6,0.8818897637795275,0.10258618125000396,61.096534750000004
0,note_on,87,D#6,0.8818897637795275,0.10258618125000396,61.199983
0,note_on,85,C#6,0.8818897637795275,0.10258618125000396,61.30343125
0,note_on,92,G#6,0.8818897637795275,0.10258618125000396,61.4068795
0,note_on,80,G#5,0.8818897637795275,0.10258618125000396,61.51032775
0,note_on,81,A5,0.8818897637795275,0.10258618125000396,61.613776
0,note_on,80,G#5,0.8818897637795275,0.10258618125000396,61.71722425
0,note_on,88,E6,0.8818897637795275,0.10258618125000396,61.8206725
0,note_on,76,E5,0.8818897637795275,0.10258618124999686,61.92412075000001
0,note_on,78,F#5,0.8818897637795275,0.10258618124999686,62.02756900000001
0,note_on,76,E5,0.8818897637795275,0.10258618124999686,62.131017250000006
0,note_on,85,C#6,0.8818897637795275,0.10258618124999686,62.234465500000006
0,note_on,73,C#5,0.8818897637795275,0.10258618124999686,62.337913750000006
0,note_on,75,D#5,0.8818897637795275,0.10258618124999686,62.441362000000005
0,note_on,73,C#5,0.8818897637795275,0.10258618124999686,62.544810250000005
0,note_on,80,G#5,0.8818897637795275,0.10258618125000396,62.648258500000004
0,note_on,68,G#4,0.8818897637795275,0.10258618124999686,62.75170675000001
0,note_on,69,A4,0.8818897637795275,0.10258618124999686,62.85515500000001
0,note_on,68,G#4,0.8818897637795275,0.10258618124999686,62.95860325000001
0,note_on,76,E5,0.8818897637795275,0.10258618124999686,63.06205150000001
0,note_on,64,E4,0.8818897637795275,0.10258618124999686,63.16549975000001
0,note_on,66,F#4,0.8818897637795275,0.10258618124999686,63.26894800000001
0,note_on,64,E4,0.8818897637795275,0.10258618124999686,63.37239625000001
0,note_on,73,C#5,0.8818897637795275,0.10258618124999686,63.47584450000001
0,note_on,61,C#4,0.8818897637795275,0.10258618125000396,63.57929275000001
0,note_on,63,D#4,0.8818897637795275,0.10258618125000396,63.68274100000001
0,note_on,61,C#4,0.8818897637795275,0.10258618125000396,63.78618925000001
0,note_on,68,G#4,0.8818897637795275,0.10258618125000396,63.889637500000006
0,note_on,56,G#3,0.8818897637795275,0.10258618125000396,63.993085750000006
0,note_on,63,D#4,0.8818897637795275,0.10258618125000396,64.096534
0,note_on,61,C#4,0.8818897637795275,0.10258618125000396,64.19998225
0,note_on,68,G#4,0.8818897637795275,0.10258618125000396,64.3034305
0,note_on,56,G#3,0.8818897637795275,0.10258618125000396,64.40687875
0,note_on,63,D#4,0.8818897637795275,0.10258618125000396,64.510327
0,note_on,61,C#4,0.8818897637795275,0.10258618125000396,64.61377525
0,note_on,69,A4,0.8818897637795275,0.10258618125000396,64.7172235
0,note_on,57,A3,0.8818897637795275,0.10258618125000396,64.82067175
0,note_on,63,D#4,0.6299212598425197,0.10258618125000396,64.92412
0,note_on,61,C#4,0.6299212598425197,0.10258618125000396,65.02756825
0,note_on,68,G#4,0.6299212598425197,0.10258618125000396,65.1310165
0,note_on,56,G#3,0.6299212598425197,0.10258618125000396,65.23446475
0,note_on,63,D#4,0.6299212598425197,0.10258618124998975,65.33791300000001
0,note_on,61,C#4,0.6299212598425197,0.10258618125000396,65.44136125
0,note_on,67,G4,0.6299212598425197,0.10258618124998975,65.54480950000001
0,note_on,55,G3,0.6299212598425197,0.10258618125000396,65.64825775
0,note_on,63,D#4,0.5039370078740157,0.14874975208333296,65.75170600000001
0,note_on,61,C#4,0.5039370078740157,0.14874975208333296,65.90170575000002
0,note_on,68,G#4,0.5039370078740157,0.14874975208333296,66.05170550000001
0,note_on,56,G#3,0.5039370078740157,0.14874975208333296,66.20170525000002
0,note_on,63,D#4,0.5039370078740157,0.14874975208333296,66.35170500000001
0,note_on,60,C4,0.5039370078740157,0.14874975208333296,66.50170475000002
0,note_on,68,G#4,0.5039370078740157,0.14874975208333296,66.65170450000001
0,note_on,56,G#3,0.5039370078740157,0.14874975208333296,66.80170425000001
0,note_on,68,G#4,0.3858267716535433,1.3029913020833277,75.678976
0,note_on,70,A#4,0.3858267716535433,0.08016317708333531,76.983326
0,note_on,72,C5,0.3858267716535433,0.0801631770833211,77.06484787500001
0,note_on,70,A#4,0.3858267716535433,0.16168505208332817,77.14636975
0,note_on,68,G#4,0.3858267716535433,0.3247288020833281,77.3094135
0,note_on,73,C#5,0.3858267716535433,0.3247288020833281,77.635501
0,note_on,75,D#5,0.3858267716535433,0.3247288020833281,77.9615885
0,note_on,77,F5,0.5039370078740157,1.3029913020833277,78.287676
0,note_on,80,G#5,0.5039370078740157,1.302991302083342,79.592026
0,note_on,78,F#5,0.5039370078740157,0.6508163020833422,80.896376
0,note_on,77,F5,0.5039370078740157,0.6508163020833422,81.548551
0,note_on,75,D#5,0.5039370078740157,0.6508163020833422,82.200726
0,note_on,77,F5,0.3858267716535433,0.48777255208334225,82.852901
0,note_on,73,C#5,0.3858267716535433,0.16168505208334238,83.34203225
0,note_on,68,G#4,0.3858267716535433,1.302991302083342,83.505076
0,note_on,70,A#4,0.3858267716535433,2.6073413020833414,84.809426
0,note_on,71,B4,0.3858267716535433,0.08016317708333531,87.418126
0,note_on,73,C#5,0.3858267716535433,0.08016317708333531,87.49964787500001
0,note_on,71,B4,0.3858267716535433,0.16168505208334238,87.58116975
0,note_on,70,A#4,0.3858267716535433,0.3247288020833423,87.7442135
0,note_on,75,D#5,0.5039370078740157,0.3247288020833423,88.070301
0,note_on,77,F5,0.5039370078740157,0.3247288020833423,88.3963885
0,note_on,78,F#5,0.5039370078740157,0.6508163020833422,88.722476
0,note_on,77,F5,0.5039370078740157,0.6508163020833422,89.374651
0,note_on,75,D#5,0.3858267716535433,0.6508163020833422,90.026826
0,note_on,77,F5,0.3858267716535433,0.6508163020833422,90.679001
0,note_on,73,C#5,0.3858267716535433,0.976903802083342,91.331176
0,note_on,72,C5,0.3858267716535433,0.08016317708333531,92.3094385
0,note_on,73,C#5,0.3858267716535433,0.08016317708333531,92.390960375
0,note_on,75,D#5,0.3858267716535433,0.0801631770833211,92.47248225000001
0,note_on,73,C#5,0.3858267716535433,0.08016317708333531,92.554004125
0,note_on,77,F5,0.25984251968503935,0.976903802083342,92.635526
0,note_on,75,D#5,0.25984251968503935,0.3247288020833423,93.6137885
0,note_on,75,D#5,0.25984251968503935,2.924286806249995,93.939876
0,note_on,68,G#4,0.25984251968503935,1.3029913020833277,96.865852
0,note_on,70,A#4,0.25984251968503935,0.08016317708333531,98.170202
0,note_on,72,C5,0.25984251968503935,0.0801631770833211,98.25172387500001
0,note_on,70,A#4,0.25984251968503935,0.16168505208332817,98.33324575
0,note_on,68,G#4,0.3858267716535433,0.3247288020833281,98.4962895
0,note_on,73,C#5,0.3858267716535433,0.3247288020833281,98.822377
0,note_on,75,D#5,0.3858267716535433,0.3247288020833281,99.1484645
0,note_on,77,F5,0.3858267716535433,1.3029913020833277,99.474552
0,note_on,80,G#5,0.5039370078740157,1.3029913020833277,100.778902
0,note_on,78,F#5,0.5039370078740157,0.650816302083328,102.083252
0,note_on,77,F5,0.5039370078740157,0.650816302083328,102.735427
0,note_on,75,D#5,0.5039370078740157,0.3247288020833281,103.387602
0,note_on,77,F5,0.5039370078740157,0.08016317708333531,103.7136895
0,note_on,75,D#5,0.5039370078740157,0.08016317708333531,103.79521137500001
0,note_on,73,C#5,0.5039370078740157,0.08016317708333531,103.87673325
0,note_on,75,D#5,0.5039370078740157,0.08016317708333531,103.95825512500001
0,note_on,77,F5,0.5039370078740157,0.48777255208334225,104.039777
0,note_on,73,C#5,0.5039370078740157,0.16168505208334238,104.52890825
0,note_on,68,G#4,0.5039370078740157,1.302991302083342,104.691952
0,note_on,70,A#4,0.5039370078740157,2.6073413020833414,105.996302
0,note_on,71,B4,0.5039370078740157,0.08016317708333531,108.605002
0,note_on,73,C#5,0.5039370078740157,0.08016317708333531,108.686523875
0,note_on,71,B4,0.5039370078740157,0.16168505208334238,108.76804575
0,note_on,70,A#4,0.5039370078740157,0.3247288020833423,108.9310895
0,note_on,75,D#5,0.6299212598425197,0.3247288020833423,109.257177
0,note_on,77,F5,0.6299212598425197,0.3247288020833423,109.5832645
0,note_on,78,F#5,0.6299212598425197,0.6508163020833422,109.909352
0,note_on,77,F5,0.6299212598425197,0.6508163020833422,110.561527
0,note_on,75,D#5,0.5039370078740157,0.6508163020833422,111.213702
0,note_on,77,F5,0.5039370078740157,0.6508163020833422,111.865877
0,note_on,73,C#5,0.5039370078740157,0.976903802083342,112.518052
0,note_on,67,G4,0.5039370078740157,0.0801631770833211,113.49631450000001
0,note_on,68,G#4,0.5039370078740157,0.08016317708333531,113.577836375
0,note_on,70,A#4,0.6299212598425197,0.08016317708333531,113.65935825
0,note_on,68,G#4,0.6299212598425197,0.08016317708333531,113.740880125
0,note_on,77,F5,0.6299212598425197,0.9769038020833278,113.82240200000001
0,note_on,75,D#5,0.5039370078740157,0.3247288020833281,114.80066450000001
0,note_on,75,D#5,0.5039370078740157,1.3029913020833277,115.12675200000001
0,note_on,73,C#5,0.5039370078740157,0.650816302083328,116.43110200000001
0,note_on,80,G#5,0.5039370078740157,0.3247288020833281,117.40936450000001
0,note_on,68,G#4,0.9921259842519685,1.3029913020833277,117.73545200000001
0,note_on,70,A#4,0.6299212598425197,0.08016317708333531,119.03980200000001
0,note_on,72,C5,0.6299212598425197,0.08016317708333531,119.121323875
0,note_on,70,A#4,0.6299212598425197,0.3247288020833423,119.20284575
0,note_on,69,A4,0.6299212598425197,0.16168505208334238,119.52893325
0,note_on,70,A#4,0.6299212598425197,0.48777255208332804,119.69197700000001
0,note_on,72,C5,0.6299212598425197,0.16168505208334238,120.18110825
0,note_on,68,G#4,0.7559055118110236,0.3247288020833281,120.34415200000001
0,note_on,84,C6,0.9921259842519685,0.8369579166666625,120.99632700000001
0,note_on,82,A#5,0.7559055118110236,0.1847829166666628,121.83464361458334
0,note_on,80,G#5,0.7559055118110236,0.1847829166666486,122.02078522916668
0,note_on,76,E5,0.7559055118110236,0.1847829166666628,122.20692684375001
0,note_on,73,C#5,0.7559055118110236,0.1847829166666628,122.39306845833333
0,note_on,70,A#4,0.6299212598425197,0.2771743750000013,122.57921007291667
0,note_on,80,G#5,0.6299212598425197,0.09103276041668096,122.85774314583333
0,note_on,63,D#4,0.6299212598425197,1.3029913020833277,122.95285200000001
0,note_on,72,C5,0.6299212598425197,0.12092411458333174,124.1349191875
0,note_on,70,A#4,0.6299212598425197,0.48777255208332804,124.257202
0,note_on,69,A4,0.6299212598425197,0.16168505208332817,124.74633325
0,note_on,70,A#4,0.7559055118110236,0.48777255208332804,124.909377
0,note_on,75,D#5,0.7559055118110236,0.16168505208332817,125.39850825
0,note_on,68,G#4,0.7559055118110236,0.650816302083328,125.561552
0,note_on,70,A#4,0.25984251968503935,0.650816302083328,126.865902
0,note_on,73,C#5,0.25984251968503935,0.21603296874999955,127.518077
0,note_on,72,C5,0.25984251968503935,0.21603296874999955,127.73546866666666
0,note_on,70,A#4,0.25984251968503935,0.21603296875001377,127.95286033333333
0,note_on,68,G#4,0.25984251968503935,1.302991302083342,128.170252
0,note_on,70,A#4,0.25984251968503935,0.08016317708333531,129.474602
0,note_on,72,C5,0.25984251968503935,0.08016317708333531,129.556123875
0,note_on,70,A#4,0.25984251968503935,0.16168505208332817,129.63764575
0,note_on,68,G#4,0.3858267716535433,0.3247288020833423,129.8006895
0,note_on,73,C#5,0.3858267716535433,0.3247288020833139,130.126777
0,note_on,75,D#5,0.3858267716535433,0.3247288020833423,130.4528645
0,note_on,77,F5,0.5039370078740157,1.302991302083342,130.778952
0,note_on,80,G#5,0.5039370078740157,1.302991302083342,132.083302
0,note_on,78,F#5,0.5039370078740157,0.6508163020833422,133.387652
0,note_on,77,F5,0.5039370078740157,0.6508163020833422,134.039827
0,note_on,75,D#5,0.5039370078740157,0.3247288020833423,134.692002
0,note_on,77,F5,0.5039370078740157,0.08016317708333531,135.0180895
0,note_on,75,D#5,0.5039370078740157,0.08016317708333531,135.099611375
0,note_on,73,C#5,0.5039370078740157,0.08016317708330689,135.18113325000002
0,note_on,75,D#5,0.5039370078740157,0.08016317708333531,135.262655125
0,note_on,77,F5,0.5039370078740157,0.3247288020833423,135.344177
0,note_on,73,C#5,0.3858267716535433,0.3247288020833423,135.6702645
0,note_on,68,G#4,0.3858267716535433,1.302991302083342,135.996352
0,note_on,70,A#4,0.3858267716535433,2.6073413020833414,137.300702
0,note_on,71,B4,0.3858267716535433,0.08016317708333531,139.909402
0,note_on,73,C#5,0.3858267716535433,0.08016317708333531,139.990923875
0,note_on,71,B4,0.3858267716535433,0.1616850520833566,140.07244574999999
0,note_on,70,A#4,0.5039370078740157,0.3247288020833423,140.2354895
0,note_on,75,D#5,0.5039370078740157,0.3247288020833423,140.561577
0,note_on,77,F5,0.5039370078740157,0.3247288020833423,140.8876645
0,note_on,78,F#5,0.5039370078740157,0.6508163020833422,141.213752
0,note_on,77,F5,0.5039370078740157,0.6508163020833422,141.865927
0,note_on,75,D#5,0.5039370078740157,0.6508163020833422,142.518102
0,note_on,77,F5,0.5039370078740157,0.6508163020833422,143.170277
0,note_on,73,C#5,0.3858267716535433,0.976903802083342,143.822452
0,note_on,67,G4,0.3858267716535433,0.08016317708333531,144.8007145
0,note_on,68,G#4,0.3858267716535433,0.08016317708333531,144.882236375
0,note_on,70,A#4,0.3858267716535433,0.08016317708330689,144.96375825
0,note_on,68,G#4,0.3858267716535433,0.08016317708333531,145.045280125
0,note_on,77,F5,0.3858267716535433,0.976903802083342,145.126802
0,note_on,75,D#5,0.3858267716535433,0.3247288020833423,146.1050645
0,note_on,75,D#5,0.3858267716535433,1.302991302083342,146.431152
0,note_on,73,C#5,0.6299212598425197,0.6508163020833422,147.735502
0,note_on,80,G#5,0.7559055118110236,0.3247288020833423,148.7137645
0,note_on,68,G#4,0.8818897637795275,1.302991302083342,149.039852
0,note_on,70,A#4,0.6299212598425197,0.08016317708333531,150.344202
0,note_on,72,C5,0.6299212598425197,0.08016317708330689,150.42572387500002
0,note_on,70,A#4,0.6299212598425197,0.3247288020833139,150.50724575
0,note_on,69,A4,0.6299212598425197,0.16168505208332817,150.83333325
0,note_on,70,A#4,0.6299212598425197,0.48777255208335646,150.996377
0,note_on,72,C5,0.6299212598425197,0.16168505208332817,151.48550825
0,note_on,68,G#4,0.7559055118110236,0.3247288020833423,151.648552
0,note_on,96,C7,0.7559055118110236,0.7432077604166807,152.300727
0,note_on,94,A#6,0.6299212598425197,0.09103276041668096,153.04529345833333
0,note_on,92,G#6,0.6299212598425197,0.09103276041668096,153.13904361458333
0,note_on,88,E6,0.6299212598425197,0.09103276041665254,153.23143507291667
0,note_on,87,D#6,0.6299212598425197,0.09103276041668096,153.32518522916666
0,note_on,85,C#6,0.5039370078740157,0.09103276041668096,153.4175766875
0,note_on,81,A5,0.5039370078740157,0.09103276041668096,153.51132684375
0,note_on,84,C6,0.5039370078740157,0.09103276041668096,153.60371830208334
0,note_on,82,A#5,0.5039370078740157,0.09103276041668096,153.69746845833333
0,note_on,80,G#5,0.5039370078740157,0.09103276041665254,153.78985991666667
0,note_on,76,E5,0.5039370078740157,0.09103276041665254,153.88361007291667
0,note_on,73,C#5,0.5039370078740157,0.09103276041665254,153.97600153125
0,note_on,70,A#4,0.5039370078740157,0.09103276041668096,154.0697516875
0,note_on,80,G#5,0.5039370078740157,0.044837031250011705,154.20833887499998
0,note_on,63,D#4,0.3858267716535433,1.302991302083342,154.257252
0,note_on,72,C5,0.3858267716535433,0.12092411458334595,155.4393191875
0,note_on,70,A#4,0.3858267716535433,0.48777255208335646,155.561602
0,note_on,69,A4,0.3858267716535433,0.16168505208332817,156.05073325
0,note_on,70,A#4,0.3858267716535433,0.48777255208335646,156.213777
0,note_on,75,D#5,0.5039370078740157,0.16168505208332817,156.70290825
0,note_on,68,G#4,0.5039370078740157,0.6508163020833422,156.865952
0,note_on,70,A#4,0.25984251968503935,0.6508163020833422,158.170302
0,note_on,73,C#5,0.25984251968503935,0.21603296874999955,158.822477
0,note_on,72,C5,0.25984251968503935,0.21603296874999955,159.03986866666668
0,note_on,70,A#4,0.25984251968503935,0.21603296874999955,159.25726033333333
0,note_on,68,G#4,0.25984251968503935,1.302991302083342,159.474652
0,note_on,70,A#4,0.25984251968503935,0.08016317708333531,160.779002
0,note_on,72,C5,0.25984251968503935,0.08016317708330689,160.860523875
0,note_on,70,A#4,0.25984251968503935,0.16168505208332817,160.94204575
0,note_on,68,G#4,0.5039370078740157,0.3247288020833139,161.10508950000002
0,note_on,73,C#5,0.5039370078740157,0.3247288020833423,161.431177
0,note_on,75,D#5,0.5039370078740157,0.3247288020833139,161.75726450000002
0,note_on,77,F5,0.6299212598425197,1.302991302083342,162.083352
0,note_on,80,G#5,0.6299212598425197,1.302991302083342,163.387702
0,note_on,78,F#5,0.6299212598425197,0.6508163020833422,164.692052
0,note_on,77,F5,0.6299212598425197,0.6508163020833422,165.344227
0,note_on,75,D#5,0.6299212598425197,0.3247288020833423,165.996402
0,note_on,77,F5,0.6299212598425197,0.08016317708330689,166.32248950000002
0,note_on,75,D#5,0.6299212598425197,0.08016317708336373,166.40401137499998
0,note_on,73,C#5,0.6299212598425197,0.08016317708333531,166.48553325
0,note_on,75,D#5,0.6299212598425197,0.08016317708333531,166.567055125
0,note_on,77,F5,0.6299212598425197,0.3247288020833423,166.648577
0,note_on,73,C#5,0.5039370078740157,0.3247288020833139,166.97466450000002
0,note_on,68,G#4,0.5039370078740157,1.302991302083342,167.300752
0,note_on,70,A#4,0.5039370078740157,2.6073413020833414,168.605102
0,note_on,71,B4,0.5039370078740157,0.08016317708336373,171.213802
0,note_on,73,C#5,0.5039370078740157,0.08016317708330689,171.295323875
0,note_on,71,B4,0.5039370078740157,0.16168505208332817,171.37684575
0,note_on,70,A#4,0.5039370078740157,0.3247288020833139,171.53988950000002
0,note_on,75,D#5,0.5039370078740157,0.3247288020833423,171.865977
0,note_on,77,F5,0.5039370078740157,0.3247288020833139,172.19206450000001
0,note_on,78,F#5,0.3858267716535433,0.6508163020833422,172.518152
0,note_on,77,F5,0.3858267716535433,0.6508163020833422,173.170327
0,note_on,75,D#5,0.3858267716535433,0.6508163020833422,173.822502
0,note_on,77,F5,0.3858267716535433,0.6508163020833422,174.47467699999999
0,note_on,73,C#5,0.3858267716535433,0.976903802083342,175.12685199999999
0,note_on,67,G4,0.3858267716535433,0.08016317708330689,176.1051145
0,note_on,68,G#4,0.3858267716535433,0.08016317708336373,176.18663637499998
0,note_on,70,A#4,0.3858267716535433,0.08016317708333531,176.26815825
0,note_on,68,G#4,0.3858267716535433,0.08016317708333531,176.349680125
0,note_on,77,F5,0.3858267716535433,0.976903802083342,176.43120199999998
0,note_on,75,D#5,0.3858267716535433,0.3247288020833139,177.4094645
0,note_on,75,D#5,0.3858267716535433,3.2415628062499877,177.73555199999998
0,note_on,68,G#4,0.3858267716535433,0.2010140562500169,181.18150724999998
0,note_on,69,A4,0.3858267716535433,0.20101405624998847,181.3842105
0,note_on,68,G#4,0.3858267716535433,0.2010140562500169,181.58691374999998
0,note_on,67,G4,0.3858267716535433,0.20101405624998847,181.789617
0,note_on,68,G#4,0.3858267716535433,0.2010140562500169,181.99232024999998
0,note_on,73,C#5,0.3858267716535433,0.20101405624998847,182.1950235
0,note_on,76,E5,0.3858267716535433,0.2010140562500169,182.39772674999998
0,note_on,75,D#5,0.3858267716535433,0.20101405624998847,182.60043
0,note_on,73,C#5,0.3858267716535433,0.2010140562500169,182.80313324999997
0,note_on,75,D#5,0.3858267716535433,0.20101405624998847,183.0058365
0,note_on,73,C#5,0.3858267716535433,0.2010140562500169,183.20853974999997
0,note_on,72,C5,0.3858267716535433,0.20101405624998847,183.41124299999998
0,note_on,73,C#5,0.3858267716535433,0.20101405624998847,183.61394625
0,note_on,76,E5,0.3858267716535433,0.20101405624998847,183.81664949999998
0,note_on,80,G#5,0.3858267716535433,0.20101405624998847,184.01935275
0,note_on,68,G#4,0.3858267716535433,0.20101405624998847,184.42475925
0,note_on,69,A4,0.3858267716535433,0.2010140562500169,184.62746249999998
0,note_on,68,G#4,0.3858267716535433,0.20101405624998847,184.83016575
0,note_on,67,G4,0.3858267716535433,0.2010140562500169,185.03286899999998
0,note_on,68,G#4,0.3858267716535433,0.20101405624998847,185.23557225
0,note_on,73,C#5,0.3858267716535433,0.2010140562500169,185.43827549999997
0,note_on,76,E5,0.3858267716535433,0.20101405624998847,185.64097875
0,note_on,75,D#5,0.3858267716535433,0.2010140562500169,185.84368199999997
0,note_on,73,C#5,0.3858267716535433,0.20101405624998847,186.04638525
0,note_on,75,D#5,0.3858267716535433,0.2010140562500169,186.24908849999997
0,note_on,73,C#5,0.3858267716535433,0.20101405624998847,186.45179174999998
0,note_on,72,C5,0.3858267716535433,0.20101405624998847,186.654495
0,note_on,73,C#5,0.3858267716535433,0.20101405624998847,186.85719824999998
0,note_on,76,E5,0.3858267716535433,0.20101405624998847,187.0599015
0,note_on,80,G#5,0.3858267716535433,0.2010140562500169,187.26260474999998
0,note_on,69,A4,0.5039370078740157,0.2010140562500169,187.66801124999998
0,note_on,73,C#5,0.5039370078740157,0.20101405624998847,187.8707145
0,note_on,75,D#5,0.5039370078740157,0.2010140562500169,188.07341774999998
0,note_on,78,F#5,0.6299212598425197,0.20101405624998847,188.276121
0,note_on,81,A5,0.6299212598425197,0.2010140562500169,188.47882424999997
0,note_on,85,C#6,0.6299212598425197,0.20101405624998847,188.6815275
0,note_on,87,D#6,0.6299212598425197,0.2010140562500169,188.88423074999997
0,note_on,95,B6,0.7559055118110236,0.20101405624998847,189.08693399999999
0,note_on,93,A6,0.7559055118110236,0.20101405624998847,189.28963725
0,note_on,92,G#6,0.7559055118110236,0.20101405624998847,189.49234049999998
0,note_on,90,F#6,0.7559055118110236,0.20101405624998847,189.69504375
0,note_on,88,E6,0.7559055118110236,0.2010140562500169,189.89774699999998
0,note_on,87,D#6,0.7559055118110236,0.20101405624998847,190.10045025
0,note_on,90,F#6,0.7559055118110236,0.2010140562500169,190.30315349999998
0,note_on,85,C#6,0.7559055118110236,0.20101405624998847,190.50585675
0,note_on,84,C6,0.6299212598425197,0.2010140562500169,190.70855999999998
0,note_on,87,D#6,0.6299212598425197,0.20101405624998847,190.91126325
0,note_on,81,A5,0.6299212598425197,0.2010140562500169,191.11396649999998
0,note_on,80,G#5,0.6299212598425197,0.20101405624998847,191.31666975
0,note_on,78,F#5,0.6299212598425197,0.2010140562500169,191.51937299999997
0,note_on,81,A5,0.6299212598425197,0.20101405624998847,191.72207625
0,note_on,76,E5,0.6299212598425197,0.2010140562500169,191.92477949999997
0,note_on,75,D#5,0.6299212598425197,0.20101405624998847,192.12748274999998
0,note_on,78,F#5,0.5039370078740157,0.2010140562500169,192.33018599999997
0,note_on,73,C#5,0.5039370078740157,0.20101405624998847,192.53288924999998
0,note_on,72,C5,0.5039370078740157,0.20101405624998847,192.7355925
0,note_on,75,D#5,0.5039370078740157,0.20101405624998847,192.93829574999998
0,note_on,69,A4,0.5039370078740157,0.20101405624998847,193.140999
0,note_on,68,G#4,0.5039370078740157,0.2010140562500169,193.34370224999998
0,note_on,71,B4,0.5039370078740157,0.20101405624998847,193.5464055
0,note_on,69,A4,0.5039370078740157,0.4037173062500017,193.74910874999998
0,note_on,68,G#4,0.3858267716535433,0.2010140562500169,194.15451524999997
0,note_on,69,A4,0.3858267716535433,0.20101405624998847,194.3572185
0,note_on,68,G#4,0.3858267716535433,0.2010140562500169,194.55992174999997
0,note_on,67,G4,0.3858267716535433,0.20101405624998847,194.76262499999999
0,note_on,68,G#4,0.3858267716535433,0.2010140562500169,194.96532824999997
0,note_on,73,C#5,0.3858267716535433,0.20101405624998847,195.16803149999998
0,note_on,76,E5,0.3858267716535433,0.20101405624998847,195.37073475
0,note_on,75,D#5,0.3858267716535433,0.20101405624998847,195.57343799999998
0,note_on,73,C#5,0.3858267716535433,0.20101405624998847,195.77614125
0,note_on,75,D#5,0.3858267716535433,0.2010140562500169,195.97884449999998
0,note_on,73,C#5,0.3858267716535433,0.20101405624998847,196.18154775
0,note_on,72,C5,0.3858267716535433,0.2010140562500169,196.38425099999998
0,note_on,73,C#5,0.3858267716535433,0.20101405624998847,196.58695425
0,note_on,76,E5,0.3858267716535433,0.2010140562500169,196.78965749999998
0,note_on,80,G#5,0.3858267716535433,0.20101405624998847,196.99236075
0,note_on,68,G#4,0.3858267716535433,0.20101405624998847,197.39776725
0,note_on,70,A#4,0.3858267716535433,0.2010140562500169,197.60047049999997
0,note_on,68,G#4,0.3858267716535433,0.20101405624998847,197.80317374999998
0,note_on,67,G4,0.3858267716535433,0.20101405624998847,198.005877
0,note_on,68,G#4,0.3858267716535433,0.20101405624998847,198.20858024999998
0,note_on,73,C#5,0.3858267716535433,0.20101405624998847,198.4112835
0,note_on,76,E5,0.3858267716535433,0.2010140562500169,198.61398674999998
0,note_on,75,D#5,0.3858267716535433,0.20101405624998847,198.81669
0,note_on,73,C#5,0.3858267716535433,0.20101405624998847,199.01939324999998
0,note_on,75,D#5,0.3858267716535433,0.20101405624998847,199.2220965
0,note_on,73,C#5,0.3858267716535433,0.2010140562500169,199.42479974999998
0,note_on,72,C5,0.3858267716535433,0.20101405624998847,199.627503
0,note_on,73,C#5,0.3858267716535433,0.2010140562500169,199.83020624999997
0,note_on,76,E5,0.3858267716535433,0.20101405624998847,200.0329095
0,note_on,80,G#5,0.3858267716535433,0.2010140562500169,200.23561274999997
0,note_on,75,D#5,0.5039370078740157,0.20101405624998847,200.438316
0,note_on,76,E5,0.5039370078740157,0.20101405624998847,200.64101925
0,note_on,75,D#5,0.5039370078740157,0.20101405624998847,200.84372249999998
0,note_on,74,D5,0.5039370078740157,0.2010140562500169,201.04642574999997
0,note_on,75,D#5,0.6299212598425197,0.20101405624998847,201.24912899999998
0,note_on,83,B5,0.6299212598425197,0.20101405624998847,201.45183225
0,note_on,82,A#5,0.6299212598425197,0.20101405624998847,201.65453549999998
0,note_on,80,G#5,0.6299212598425197,0.20101405624998847,201.85723875
0,note_on,79,G5,0.7559055118110236,0.2010140562500169,202.05994199999998
0,note_on,88,E6,0.7559055118110236,0.20101405624998847,202.26264525
0,note_on,87,D#6,0.7559055118110236,0.2010140562500169,202.46534849999998
0,note_on,85,C#6,0.7559055118110236,0.20101405624998847,202.66805175
0,note_on,83,B5,0.7559055118110236,0.2010140562500169,202.87075499999997
0,note_on,82,A#5,0.7559055118110236,0.20101405624998847,203.07345825
0,note_on,80,G#5,0.7559055118110236,0.2010140562500169,203.27616149999997
0,note_on,79,G5,0.7559055118110236,0.20101405624998847,203.47886474999999
0,note_on,82,A#5,0.6299212598425197,0.2010140562500169,203.68156799999997
0,note_on,80,G#5,0.6299212598425197,0.2010140562500169,203.88427124999998
0,note_on,83,B5,0.6299212598425197,0.20101405624998847,204.0869745
0,note_on,74,D5,0.6299212598425197,0.2010140562500169,204.28967774999998
0,note_on,76,E5,0.5039370078740157,0.20101405624998847,204.492381
0,note_on,75,D#5,0.5039370078740157,0.2010140562500169,204.69508424999998
0,note_on,80,G#5,0.5039370078740157,0.20101405624998847,204.8977875
0,note_on,70,A#4,0.5039370078740157,0.2010140562500169,205.10049074999998
0,note_on,73,C#5,0.3858267716535433,0.20101405624998847,205.303194
0,note_on,71,B4,0.3858267716535433,0.2010140562500169,205.50589724999998
0,note_on,75,D#5,0.3858267716535433,0.20101405624998847,205.7086005
0,note_on,67,G4,0.3858267716535433,0.2010140562500169,205.91130374999997
0,note_on,69,A4,0.25984251968503935,0.20101405624998847,206.114007
0,note_on,68,G#4,0.25984251968503935,0.2010140562500169,206.31671024999997
0,note_on,67,G4,0.25984251968503935,0.2010140562500169,206.51941349999998
0,note_on,68,G#4,0.25984251968503935,0.20101405624998847,206.72211675
0,note_on,68,G#4,0.7559055118110236,0.20101405624998847,206.92481999999998
0,note_on,80,G#5,0.7559055118110236,0.20101405624998847,207.12752325
0,note_on,72,C5,0.7559055118110236,0.2010140562500169,207.33022649999998
0,note_on,73,C#5,0.7559055118110236,0.20101405624998847,207.53292975
0,note_on,66,F#4,0.7559055118110236,0.2010140562500169,207.73563299999998
0,note_on,78,F#5,0.7559055118110236,0.20101405624998847,207.93833625
0,note_on,72,C5,0.7559055118110236,0.2010140562500169,208.14103949999998
0,note_on,73,C#5,0.7559055118110236,0.20101405624998847,208.34374275
0,note_on,65,F4,0.7559055118110236,0.2010140562500169,208.54644599999997
0,note_on,77,F5,0.7559055118110236,0.20101405624998847,208.74914925
0,note_on,72,C5,0.7559055118110236,0.2010140562500169,208.95185249999997
0,note_on,73,C#5,0.7559055118110236,0.20101405624998847,209.15455575
0,note_on,66,F#4,0.7559055118110236,0.20101405624998847,209.357259
0,note_on,78,F#5,0.7559055118110236,0.20101405624998847,209.55996224999998
0,note_on,72,C5,0.7559055118110236,0.2010140562500169,209.76266549999997
0,note_on,73,C#5,0.7559055118110236,0.2010140562500169,209.96536874999998
0,note_on,61,C#4,0.7559055118110236,0.20101405624998847,210.168072
0,note_on,73,C#5,0.7559055118110236,0.20101405624998847,210.37077524999998
0,note_on,66,F#4,0.7559055118110236,0.20101405624998847,210.5734785
0,note_on,69,A4,0.7559055118110236,0.2010140562500169,210.77618174999998
0,note_on,63,D#4,0.7559055118110236,0.20101405624998847,210.978885
0,note_on,75,D#5,0.7559055118110236,0.2010140562500169,211.18158824999998
0,note_on,66,F#4,0.7559055118110236,0.20101405624998847,211.3842915
0,note_on,69,A4,0.7559055118110236,0.2010140562500169,211.58699474999997
0,note_on,64,E4,0.7559055118110236,0.20101405624998847,211.789698
0,note_on,76,E5,0.7559055118110236,0.20101405624998847,211.99240125
0,note_on,68,G#4,0.7559055118110236,0.20101405624998847,212.19510449999999
0,note_on,71,B4,0.7559055118110236,0.2010140562500169,212.39780774999997
0,note_on,68,G#4,0.7559055118110236,0.2010140562500169,212.60051099999998
0,note_on,80,G#5,0.7559055118110236,0.20101405624998847,212.80321425
0,note_on,71,B4,0.7559055118110236,0.20101405624998847,213.00591749999998
0,note_on,76,E5,0.7559055118110236,0.20101405624998847,213.20862075
0,note_on,68,G#4,0.7559055118110236,0.2010140562500169,213.41132399999998
0,note_on,80,G#5,0.7559055118110236,0.20101405624998847,213.61402725
0,note_on,72,C5,0.7559055118110236,0.2010140562500169,213.81673049999998
0,note_on,73,C#5,0.7559055118110236,0.20101405624998847,214.01943375
0,note_on,66,F#4,0.7559055118110236,0.2010140562500169,214.22213699999998
0,note_on,78,F#5,0.7559055118110236,0.20101405624998847,214.42484025
0,note_on,72,C5,0.7559055118110236,0.20101405624998847,214.6275435
0,note_on,73,C#5,0.7559055118110236,0.20101405624998847,214.83024675
0,note_on,65,F4,0.7559055118110236,0.2010140562500169,215.03294999999997
0,note_on,77,F5,0.7559055118110236,0.2010140562500169,215.23565324999998
0,note_on,72,C5,0.7559055118110236,0.20101405624998847,215.4383565
0,note_on,73,C#5,0.7559055118110236,0.20101405624998847,215.64105974999998
0,note_on,66,F#4,0.7559055118110236,0.2010140562500169,215.84376299999997
0,note_on,78,F#5,0.7559055118110236,0.2010140562500169,216.04646624999998
0,note_on,72,C5,0.7559055118110236,0.20101405624998847,216.2491695
0,note_on,73,C#5,0.7559055118110236,0.2010140562500169,216.45187274999998
0,note_on,65,F4,0.7559055118110236,0.20101405624998847,216.654576
0,note_on,77,F5,0.7559055118110236,0.2010140562500169,216.85727924999998
0,note_on,71,B4,0.7559055118110236,0.20101405624998847,217.0599825
0,note_on,75,D#5,0.7559055118110236,0.2010140562500169,217.26268574999997
0,note_on,66,F#4,0.7559055118110236,0.20101405624998847,217.465389
0,note_on,78,F#5,0.7559055118110236,0.2010140562500169,217.66809224999997
0,note_on,71,B4,0.7559055118110236,0.2010140562500169,217.87079549999999
0,note_on,75,D#5,0.7559055118110236,0.20101405624998847,218.07349875
0,note_on,69,A4,0.7559055118110236,0.20101405624998847,218.27620199999998
0,note_on,81,A5,0.7559055118110236,0.2010140562500169,218.47890524999997
0,note_on,71,B4,0.7559055118110236,0.2010140562500169,218.68160849999998
0,note_on,76,E5,0.7559055118110236,0.20101405624998847,218.88431175
0,note_on,68,G#4,0.7559055118110236,0.2010140562500169,219.08701499999998
0,note_on,80,G#5,0.7559055118110236,0.20101405624998847,219.28971825
0,note_on,71,B4,0.7559055118110236,0.2010140562500169,219.49242149999998
0,note_on,76,E5,0.7559055118110236,0.20101405624998847,219.69512475
0,note_on,68,G#4,0.3858267716535433,0.2010140562500169,219.89782799999998
0,note_on,80,G#5,0.3858267716535433,0.20101405624998847,220.10053125
0,note_on,72,C5,0.3858267716535433,0.2010140562500169,220.30323449999997
0,note_on,73,C#5,0.3858267716535433,0.2010140562500169,220.50593775
0,note_on,66,F#4,0.3858267716535433,0.20101405624998847,220.708641
0,note_on,78,F#5,0.3858267716535433,0.20101405624998847,220.91134424999998
0,note_on,72,C5,0.3858267716535433,0.2010140562500169,221.11404749999997
0,note_on,73,C#5,0.3858267716535433,0.2010140562500169,221.31675074999998
0,note_on,65,F4,0.3858267716535433,0.20101405624998847,221.519454
0,note_on,77,F5,0.3858267716535433,0.20101405624998847,221.72215724999998
0,note_on,72,C5,0.3858267716535433,0.20101405624998847,221.9248605
0,note_on,73,C#5,0.3858267716535433,0.2010140562500169,222.12756374999998
0,note_on,66,F#4,0.3858267716535433,0.20101405624998847,222.330267
0,note_on,78,F#5,0.3858267716535433,0.2010140562500169,222.53297024999998
0,note_on,72,C5,0.3858267716535433,0.20101405624998847,222.7356735
0,note_on,73,C#5,0.3858267716535433,0.2010140562500169,222.93837674999997
0,note_on,61,C#4,0.3858267716535433,0.20101405624998847,223.14108
0,note_on,73,C#5,0.3858267716535433,0.20101405624998847,223.34378325
0,note_on,66,F#4,0.3858267716535433,0.20101405624998847,223.5464865
0,note_on,69,A4,0.3858267716535433,0.2010140562500169,223.74918974999997
0,note_on,63,D#4,0.3858267716535433,0.2010140562500169,223.95189299999998
0,note_on,75,D#5,0.3858267716535433,0.20101405624998847,224.15459625
0,note_on,66,F#4,0.3858267716535433,0.20101405624998847,224.35729949999998
0,note_on,69,A4,0.3858267716535433,0.2010140562500169,224.56000274999997
0,note_on,64,E4,0.3858267716535433,0.2010140562500169,224.76270599999998
0,note_on,76,E5,0.3858267716535433,0.20101405624998847,224.96540925
0,note_on,68,G#4,0.3858267716535433,0.2010140562500169,225.16811249999998
0,note_on,71,B4,0.3858267716535433,0.20101405624998847,225.37081575
0,note_on,68,G#4,0.5039370078740157,0.2010140562500169,225.57351899999998
0,note_on,80,G#5,0.5039370078740157,0.20101405624998847,225.77622225
0,note_on,71,B4,0.5039370078740157,0.2010140562500169,225.97892549999997
0,note_on,76,E5,0.5039370078740157,0.20101405624998847,226.18162875
0,note_on,68,G#4,0.5039370078740157,0.2010140562500169,226.38433199999997
0,note_on,80,G#5,0.5039370078740157,0.2010140562500169,226.58703524999999
0,note_on,72,C5,0.6299212598425197,0.20101405624998847,226.7897385
0,note_on,73,C#5,0.6299212598425197,0.20101405624998847,226.99244174999998
0,note_on,66,F#4,0.6299212598425197,0.2010140562500169,227.19514499999997
0,note_on,78,F#5,0.6299212598425197,0.2010140562500169,227.39784824999998
0,note_on,72,C5,0.6299212598425197,0.20101405624998847,227.6005515
0,note_on,73,C#5,0.6299212598425197,0.2010140562500169,227.80325474999998
0,note_on,75,D#5,0.7559055118110236,0.20101405624998847,228.005958
0,note_on,87,D#6,0.7559055118110236,0.2010140562500169,228.20866124999998
0,note_on,78,F#5,0.7559055118110236,0.20101405624998847,228.4113645
0,note_on,81,A5,0.7559055118110236,0.2010140562500169,228.61406774999998
0,note_on,73,C#5,0.7559055118110236,0.20101405624998847,228.816771
0,note_on,85,C#6,0.7559055118110236,0.2010140562500169,229.01947424999997
0,note_on,78,F#5,0.7559055118110236,0.2010140562500169,229.2221775
0,note_on,81,A5,0.7559055118110236,0.20101405624998847,229.42488075
0,note_on,73,C#5,0.6299212598425197,0.20101405624998847,229.62758399999998
0,note_on,85,C#6,0.6299212598425197,0.2010140562500169,229.83028724999997
0,note_on,75,D#5,0.6299212598425197,0.2010140562500169,230.03299049999998
0,note_on,78,F#5,0.6299212598425197,0.20101405624998847,230.23569375
0,note_on,72,C5,0.6299212598425197,0.20101405624998847,230.43839699999998
0,note_on,84,C6,0.6299212598425197,0.20101405624998847,230.64110025
0,note_on,75,D#5,0.6299212598425197,0.2010140562500169,230.84380349999998
0,note_on,78,F#5,0.6299212598425197,0.20101405624998847,231.04650675
0,note_on,72,C5,0.6299212598425197,0.2010140562500169,231.24920999999998
0,note_on,84,C6,0.6299212598425197,0.20101405624998847,231.45191325
0,note_on,75,D#5,0.6299212598425197,0.2010140562500169,231.65461649999997
0,note_on,78,F#5,0.6299212598425197,0.20101405624998847,231.85731975
0,note_on,72,C5,0.6299212598425197,0.20101405624998847,232.060023
0,note_on,84,C6,0.6299212598425197,0.20101405624998847,232.26272625
0,note_on,75,D#5,0.6299212598425197,0.2010140562500169,232.46542949999997
0,note_on,78,F#5,0.6299212598425197,0.2010140562500169,232.66813274999998
0,note_on,72,C5,0.5039370078740157,0.20101405624998847,232.870836
0,note_on,84,C6,0.5039370078740157,0.20101405624998847,233.07353924999998
0,note_on,75,D#5,0.5039370078740157,0.20101405624998847,233.2762425
0,note_on,78,F#5,0.5039370078740157,0.2010140562500169,233.47894574999998
0,note_on,71,B4,0.5039370078740157,0.20101405624998847,233.681649
0,note_on,83,B5,0.5039370078740157,0.2010140562500169,233.88435224999998
0,note_on,75,D#5,0.5039370078740157,0.20101405624998847,234.0870555
0,note_on,78,F#5,0.5039370078740157,0.2010140562500169,234.28975874999998
0,note_on,71,B4,0.5039370078740157,0.20101405624998847,234.492462
0,note_on,83,B5,0.5039370078740157,0.20101405624998847,234.69516525
0,note_on,75,D#5,0.5039370078740157,0.20101405624998847,234.8978685
0,note_on,78,F#5,0.5039370078740157,0.2010140562500169,235.10057174999997
0,note_on,70,A#4,0.5039370078740157,0.2010140562500169,235.30327499999999
0,note_on,82,A#5,0.5039370078740157,0.20101405624998847,235.50597825
0,note_on,75,D#5,0.5039370078740157,0.20101405624998847,235.70868149999998
0,note_on,78,F#5,0.5039370078740157,0.2010140562500169,235.91138474999997
0,note_on,70,A#4,0.3858267716535433,0.2010140562500169,236.11408799999998
0,note_on,82,A#5,0.3858267716535433,0.20101405624998847,236.31679125
0,note_on,75,D#5,0.3858267716535433,0.2010140562500169,236.51949449999998
0,note_on,78,F#5,0.3858267716535433,0.20101405624998847,236.72219775
0,note_on,69,A4,0.3858267716535433,0.2010140562500169,236.92490099999998
0,note_on,81,A5,0.3858267716535433,0.20101405624998847,237.12760425
0,note_on,75,D#5,0.3858267716535433,0.2010140562500169,237.33030749999998
0,note_on,78,F#5,0.3858267716535433,0.20101405624998847,237.53301075
0,note_on,69,A4,0.3858267716535433,0.2010140562500169,237.73571399999997
0,note_on,81,A5,0.3858267716535433,0.2010140562500169,237.93841725
0,note_on,75,D#5,0.3858267716535433,0.20101405624998847,238.1411205
0,note_on,78,F#5,0.3858267716535433,0.20101405624998847,238.34382374999998
0,note_on,69,A4,0.3858267716535433,0.2010140562500169,238.54652699999997
0,note_on,81,A5,0.3858267716535433,0.2010140562500169,238.74923024999998
0,note_on,75,D#5,0.3858267716535433,0.20101405624998847,238.9519335
0,note_on,78,F#5,0.3858267716535433,0.20101405624998847,239.15463674999998
0,note_on,72,C5,0.25984251968503935,0.20101405624998847,239.35734
0,note_on,84,C6,0.25984251968503935,0.2010140562500169,239.56004324999998
0,note_on,75,D#5,0.25984251968503935,0.20101405624998847,239.7627465
0,note_on,78,F#5,0.25984251968503935,0.2010140562500169,239.96544974999998
0,note_on,71,B4,0.25984251968503935,0.20101405624998847,240.168153
0,note_on,83,B5,0.25984251968503935,0.2010140562500169,240.37085624999997
0,note_on,75,D#5,0.25984251968503935,0.20101405624998847,240.5735595
0,note_on,78,F#5,0.25984251968503935,0.20101405624998847,240.77626275
0,note_on,71,B4,0.25984251968503935,0.20101405624998847,240.97896599999999
0,note_on,83,B5,0.25984251968503935,0.2010140562500169,241.18166924999997
0,note_on,75,D#5,0.25984251968503935,0.2010140562500169,241.38437249999998
0,note_on,78,F#5,0.25984251968503935,0.20101405624998847,241.58707575
0,note_on,70,A#4,0.25984251968503935,0.20101405624998847,241.78977899999998
0,note_on,82,A#5,0.25984251968503935,0.2010140562500169,241.99248224999997
0,note_on,75,D#5,0.25984251968503935,0.2010140562500169,242.19518549999998
0,note_on,78,F#5,0.25984251968503935,0.20101405624998847,242.39788875
0,note_on,70,A#4,0.25984251968503935,0.20101405624998847,242.60059199999998
0,note_on,82,A#5,0.25984251968503935,0.20101405624998847,242.80329525
0,note_on,75,D#5,0.25984251968503935,0.2010140562500169,243.00599849999998
0,note_on,78,F#5,0.25984251968503935,0.2010140562500169,243.20870175
0,note_on,69,A4,0.25984251968503935,0.20101405624998847,243.411405
0,note_on,81,A5,0.25984251968503935,0.20101405624998847,243.61410825
0,note_on,75,D#5,0.25984251968503935,0.2010140562500169,243.81681149999997
0,note_on,78,F#5,0.25984251968503935,0.2010140562500169,244.01951474999998
0,note_on,69,A4,0.25984251968503935,0.14874975208334718,244.222218
0,note_on,81,A5,0.25984251968503935,0.14874975208331875,244.37221775
0,note_on,75,D#5,0.25984251968503935,0.14874975208331875,244.5222175
0,note_on,78,F#5,0.25984251968503935,0.14874975208334718,244.67221725
0,note_on,68,G#4,0.25984251968503935,0.14874975208334718,244.822217
0,note_on,80,G#5,0.25984251968503935,0.14874975208331875,244.97221675
0,note_on,75,D#5,0.25984251968503935,0.14874975208331875,245.1222165
0,note_on,78,F#5,0.25984251968503935,0.14874975208334718,245.27221624999999
0,note_on,68,G#4,0.3858267716535433,0.10258618124998975,245.52566425
0,note_on,69,A4,0.3858267716535433,0.10258618124998975,245.6291125
0,note_on,68,G#4,0.3858267716535433,0.10258618124998975,245.73256075
0,note_on,67,G4,0.3858267716535433,0.10258618124998975,245.836009
0,note_on,68,G#4,0.3858267716535433,0.10258618124998975,245.93945725
0,note_on,73,C#5,0.3858267716535433,0.10258618124998975,246.0429055
0,note_on,76,E5,0.3858267716535433,0.10258618124998975,246.14635375
0,note_on,75,D#5,0.3858267716535433,0.10258618124998975,246.249802
0,note_on,73,C#5,0.3858267716535433,0.10258618124998975,246.35325025
0,note_on,75,D#5,0.3858267716535433,0.10258618125001817,246.4566985
0,note_on,73,C#5,0.3858267716535433,0.10258618124998975,246.56014675
0,note_on,72,C5,0.3858267716535433,0.10258618125001817,246.663595
0,note_on,73,C#5,0.3858267716535433,0.10258618124998975,246.76704325
0,note_on,76,E5,0.3858267716535433,0.10258618125001817,246.87049149999999
0,note_on,80,G#5,0.3858267716535433,0.10258618124998975,246.97393975
0,note_on,68,G#4,0.3858267716535433,0.10258618124998975,247.18083625
0,note_on,69,A4,0.3858267716535433,0.10258618125001817,247.28428449999998
0,note_on,68,G#4,0.3858267716535433,0.10258618124998975,247.38773275
0,note_on,67,G4,0.3858267716535433,0.10258618125001817,247.49118099999998
0,note_on,68,G#4,0.3858267716535433,0.10258618124998975,247.59462925
0,note_on,73,C#5,0.3858267716535433,0.10258618125001817,247.69807749999998
0,note_on,76,E5,0.3858267716535433,0.10258618124998975,247.80152575
0,note_on,75,D#5,0.3858267716535433,0.10258618125001817,247.90497399999998
0,note_on,73,C#5,0.3858267716535433,0.10258618124998975,248.00842225
0,note_on,75,D#5,0.3858267716535433,0.10258618125001817,248.11187049999998
0,note_on,73,C#5,0.3858267716535433,0.10258618124998975,248.21531875
0,note_on,72,C5,0.3858267716535433,0.10258618125001817,248.31876699999998
0,note_on,73,C#5,0.3858267716535433,0.10258618124998975,248.42221525
0,note_on,76,E5,0.3858267716535433,0.10258618125001817,248.52566349999998
0,note_on,80,G#5,0.3858267716535433,0.10258618124998975,248.62911175
0,note_on,69,A4,0.3858267716535433,0.10258618124998975,248.83600825
0,note_on,73,C#5,0.3858267716535433,0.10258618124998975,248.9394565
0,note_on,75,D#5,0.3858267716535433,0.10258618124998975,249.04290475
0,note_on,78,F#5,0.5039370078740157,0.10258618124998975,249.146353
0,note_on,81,A5,0.5039370078740157,0.10258618124998975,249.24980125
0,note_on,85,C#6,0.5039370078740157,0.10258618124998975,249.3532495
0,note_on,87,D#6,0.5039370078740157,0.10258618124998975,249.45669775
0,note_on,95,B6,0.5039370078740157,0.10258618124998975,249.560146
0,note_on,93,A6,0.5039370078740157,0.10258618124998975,249.66359425
0,note_on,92,G#6,0.5039370078740157,0.10258618124998975,249.7670425
0,note_on,90,F#6,0.5039370078740157,0.10258618124998975,249.87049075
0,note_on,88,E6,0.6299212598425197,0.10258618124998975,249.973939
0,note_on,87,D#6,0.6299212598425197,0.10258618125001817,250.07738725
0,note_on,90,F#6,0.6299212598425197,0.10258618124998975,250.1808355
0,note_on,85,C#6,0.6299212598425197,0.10258618125001817,250.28428375
0,note_on,84,C6,0.6299212598425197,0.10258618124998975,250.387732
0,note_on,87,D#6,0.6299212598425197,0.10258618125001817,250.49118024999999
0,note_on,81,A5,0.6299212598425197,0.10258618124998975,250.5946285
0,note_on,80,G#5,0.6299212598425197,0.10258618125001817,250.69807674999998
0,note_on,78,F#5,0.5039370078740157,0.10258618124998975,250.801525
0,note_on,81,A5,0.5039370078740157,0.10258618125001817,250.90497324999998
0,note_on,76,E5,0.5039370078740157,0.10258618124998975,251.0084215
0,note_on,75,D#5,0.5039370078740157,0.10258618125001817,251.11186974999998
0,note_on,78,F#5,0.5039370078740157,0.10258618124998975,251.215318
0,note_on,73,C#5,0.5039370078740157,0.10258618125001817,251.31876624999998
0,note_on,72,C5,0.5039370078740157,0.10258618124998975,251.4222145
0,note_on,75,D#5,0.5039370078740157,0.10258618125001817,251.52566274999998
0,note_on,69,A4,0.5039370078740157,0.10258618124998975,251.629111
0,note_on,68,G#4,0.5039370078740157,0.10258618125001817,251.73255924999998
0,note_on,71,B4,0.5039370078740157,0.10258618124998975,251.8360075
0,note_on,69,A4,0.5039370078740157,0.20603443125000354,251.93945574999998
0,note_on,68,G#4,0.3858267716535433,0.10258618125001817,252.14635224999998
0,note_on,69,A4,0.3858267716535433,0.10258618124998975,252.2498005
0,note_on,68,G#4,0.3858267716535433,0.10258618125001817,252.35324874999998
0,note_on,67,G4,0.3858267716535433,0.10258618124998975,252.456697
0,note_on,68,G#4,0.3858267716535433,0.10258618124998975,252.56014525
0,note_on,73,C#5,0.3858267716535433,0.10258618124998975,252.6635935
0,note_on,76,E5,0.3858267716535433,0.10258618124998975,252.76704175
0,note_on,75,D#5,0.3858267716535433,0.10258618124998975,252.87049
0,note_on,73,C#5,0.3858267716535433,0.10258618124998975,252.97393825
0,note_on,75,D#5,0.3858267716535433,0.10258618124998975,253.0773865
0,note_on,73,C#5,0.3858267716535433,0.10258618124998975,253.18083475
0,note_on,72,C5,0.3858267716535433,0.10258618125001817,253.284283
0,note_on,73,C#5,0.3858267716535433,0.10258618124998975,253.38773125
0,note_on,76,E5,0.3858267716535433,0.10258618124998975,253.4911795
0,note_on,80,G#5,0.3858267716535433,0.10258618124998975,253.59462775
0,note_on,76,E5,0.3858267716535433,0.10258618125001817,253.698076
0,note_on,75,D#5,0.3858267716535433,0.10258618124998975,253.80152425
0,note_on,76,E5,0.3858267716535433,0.10258618125001817,253.90497249999999
0,note_on,75,D#5,0.3858267716535433,0.10258618124998975,254.00842075
0,note_on,74,D5,0.3858267716535433,0.10258618125001817,254.11186899999998
0,note_on,75,D#5,0.3858267716535433,0.10258618124998975,254.21531725
0,note_on,78,F#5,0.3858267716535433,0.10258618125001817,254.31876549999998
0,note_on,81,A5,0.3858267716535433,0.10258618124998975,254.42221375
0,note_on,78,F#5,0.5039370078740157,0.10258618125001817,254.52566199999998
0,note_on,77,F5,0.5039370078740157,0.10258618124998975,254.62911025
0,note_on,78,F#5,0.5039370078740157,0.10258618125001817,254.73255849999998
0,note_on,77,F5,0.5039370078740157,0.10258618124998975,254.83600675
0,note_on,76,E5,0.5039370078740157,0.10258618125001817,254.93945499999998
0,note_on,77,F5,0.5039370078740157,0.10258618124998975,255.04290325
0,note_on,80,G#5,0.5039370078740157,0.10258618125001817,255.14635149999998
0,note_on,85,C#6,0.5039370078740157,0.10258618124998975,255.24979975
0,note_on,76,E5,0.5039370078740157,0.10258618125001817,255.35324799999998
0,note_on,75,D#5,0.5039370078740157,0.10258618124998975,255.45669625
0,note_on,76,E5,0.5039370078740157,0.10258618125001817,255.56014449999998
0,note_on,75,D#5,0.5039370078740157,0.10258618124998975,255.66359275
0,note_on,74,D5,0.5039370078740157,0.10258618124998975,255.767041
0,note_on,75,D#5,0.5039370078740157,0.10258618124998975,255.87048925
0,note_on,78,F#5,0.5039370078740157,0.10258618124996133,255.9739375
0,note_on,81,A5,0.5039370078740157,0.10258618124998975,256.07738575
0,note_on,78,F#5,0.5039370078740157,0.10258618124998975,256.180834
0,note_on,77,F5,0.5039370078740157,0.10258618124998975,256.28428225
0,note_on,78,F#5,0.5039370078740157,0.10258618124998975,256.3877305
0,note_on,77,F5,0.5039370078740157,0.10258618124998975,256.49117875
0,note_on,76,E5,0.5039370078740157,0.10258618124998975,256.594627
0,note_on,77,F5,0.5039370078740157,0.10258618124998975,256.69807525
0,note_on,80,G#5,0.5039370078740157,0.10258618125004659,256.8015235
0,note_on,85,C#6,0.5039370078740157,0.10258618124998975,256.90497175
0,note_on,80,G#5,0.6299212598425197,0.10258618124998975,257.00842
0,note_on,78,F#5,0.6299212598425197,0.10258618124998975,257.11186825
0,note_on,80,G#5,0.6299212598425197,0.10258618125004659,257.2153165
0,note_on,78,F#5,0.6299212598425197,0.10258618124998975,257.31876475
0,note_on,77,F5,0.6299212598425197,0.10258618124998975,257.422213
0,note_on,78,F#5,0.6299212598425197,0.10258618124998975,257.52566125
0,note_on,81,A5,0.6299212598425197,0.10258618125004659,257.62910949999997
0,note_on,85,C#6,0.6299212598425197,0.10258618124998975,257.73255775
0,note_on,81,A5,0.6299212598425197,0.10258618124998975,257.836006
0,note_on,80,G#5,0.6299212598425197,0.10258618124998975,257.93945425
0,note_on,81,A5,0.6299212598425197,0.10258618125004659,258.04290249999997
0,note_on,80,G#5,0.6299212598425197,0.10258618124998975,258.14635075
0,note_on,79,G5,0.6299212598425197,0.10258618124998975,258.249799
0,note_on,80,G#5,0.6299212598425197,0.10258618124998975,258.35324725
0,note_on,84,C6,0.6299212598425197,0.10258618125004659,258.45669549999997
0,note_on,87,D#6,0.6299212598425197,0.10258618124998975,258.56014375
0,note_on,80,G#5,0.6299212598425197,0.10258618124998975,258.663592
0,note_on,81,A5,0.6299212598425197,0.10258618124998975,258.76704025
0,note_on,80,G#5,0.6299212598425197,0.10258618125004659,258.87048849999996
0,note_on,79,G5,0.6299212598425197,0.10258618124998975,258.97393675
0,note_on,80,G#5,0.6299212598425197,0.10258618124998975,259.077385
0,note_on,88,E6,0.6299212598425197,0.10258618124998975,259.18083325
0,note_on,87,D#6,0.6299212598425197,0.10258618124998975,259.2842815
0,note_on,86,D6,0.6299212598425197,0.10258618124998975,259.38772975
0,note_on,85,C#6,0.6299212598425197,0.10258618124998975,259.491178
0,note_on,84,C6,0.6299212598425197,0.10258618124998975,259.59462625
0,note_on,83,B5,0.6299212598425197,0.10258618124998975,259.6980745
0,note_on,82,A#5,0.6299212598425197,0.10258618124998975,259.80152275
0,note_on,81,A5,0.6299212598425197,0.10258618124998975,259.904971
0,note_on,80,G#5,0.6299212598425197,0.10258618124998975,260.00841925
0,note_on,79,G5,0.6299212598425197,0.10258618124998975,260.1118675
0,note_on,78,F#5,0.6299212598425197,0.10258618124998975,260.21531575
0,note_on,76,E5,0.6299212598425197,0.10258618124998975,260.318764
0,note_on,78,F#5,0.6299212598425197,0.10258618125004659,260.42221225
0,note_on,76,E5,0.6299212598425197,0.10258618124998975,260.5256605
0,note_on,75,D#5,0.6299212598425197,0.10258618124998975,260.62910875
0,note_on,76,E5,0.6299212598425197,0.10258618124998975,260.732557
0,note_on,88,E6,0.6299212598425197,0.10258618125004659,260.83600524999997
0,note_on,87,D#6,0.6299212598425197,0.10258618124998975,260.9394535
0,note_on,86,D6,0.6299212598425197,0.10258618124998975,261.04290175
0,note_on,85,C#6,0.6299212598425197,0.10258618124998975,261.14635
0,note_on,84,C6,0.6299212598425197,0.10258618125004659,261.24979824999997
0,note_on,83,B5,0.6299212598425197,0.10258618124998975,261.3532465
0,note_on,82,A#5,0.6299212598425197,0.10258618124998975,261.45669475
0,note_on,81,A5,0.6299212598425197,0.10258618124998975,261.560143
0,note_on,80,G#5,0.6299212598425197,0.10258618125004659,261.66359124999997
0,note_on,79,G5,0.6299212598425197,0.10258618124998975,261.7670395
0,note_on,78,F#5,0.6299212598425197,0.10258618124998975,261.87048775
0,note_on,80,G#5,0.6299212598425197,0.10258618124998975,261.973936
0,note_on,92,G#6,0.7559055118110236,0.10258618124998975,262.1808325
0,note_on,91,G6,0.7559055118110236,0.10258618124998975,262.28428075
0,note_on,90,F#6,0.7559055118110236,0.10258618124998975,262.387729
0,note_on,89,F6,0.7559055118110236,0.10258618125004659,262.49117724999996
0,note_on,88,E6,0.7559055118110236,0.10258618124998975,262.5946255
0,note_on,87,D#6,0.7559055118110236,0.10258618124998975,262.69807375
0,note_on,86,D6,0.7559055118110236,0.10258618124998975,262.801522
0,note_on,85,C#6,0.7559055118110236,0.10258618124998975,262.90497025
0,note_on,84,C6,0.7559055118110236,0.10258618124998975,263.0084185
0,note_on,83,B5,0.7559055118110236,0.10258618124998975,263.11186675
0,note_on,82,A#5,0.7559055118110236,0.10258618125004659,263.215315
0,note_on,81,A5,0.7559055118110236,0.10258618124998975,263.31876325
0,note_on,80,G#5,0.7559055118110236,0.10258618124998975,263.4222115
0,note_on,79,G5,0.7559055118110236,0.10258618124998975,263.52565975
0,note_on,78,F#5,0.7559055118110236,0.10258618124998975,263.629108
0,note_on,77,F5,0.7559055118110236,0.10258618124998975,263.73255625
0,note_on,76,E5,0.7559055118110236,0.10258618124998975,263.8360045
0,note_on,75,D#5,0.7559055118110236,0.10258618124998975,263.93945275
0,note_on,74,D5,0.7559055118110236,0.10258618125004659,264.042901
0,note_on,73,C#5,0.7559055118110236,0.10258618124998975,264.14634925
0,note_on,72,C5,0.7559055118110236,0.10258618124998975,264.2497975
0,note_on,71,B4,0.7559055118110236,0.10258618124998975,264.35324575
0,note_on,70,A#4,0.7559055118110236,0.10258618125004659,264.45669399999997
0,note_on,69,A4,0.7559055118110236,0.10258618124998975,264.56014225
0,note_on,68,G#4,0.7559055118110236,0.10258618124998975,264.6635905
0,note_on,67,G4,0.7559055118110236,0.10258618124998975,264.76703875
0,note_on,66,F#4,0.7559055118110236,0.10258618125004659,264.87048699999997
0,note_on,64,E4,0.7559055118110236,0.10258618124998975,264.97393525
0,note_on,63,D#4,0.7559055118110236,0.10258618124998975,265.0773835
0,note_on,61,C#4,0.7559055118110236,0.10258618124998975,265.18083175
0,note_on,56,G#3,0.8818897637795275,0.10258618125004659,265.28427999999997
0,note_on,93,A6,0.8818897637795275,0.10258618124998975,265.698073
0,note_on,92,G#6,0.8818897637795275,0.10258618124998975,265.80152125
0,note_on,100,E7,0.8818897637795275,0.10258618124998975,265.9049695
0,note_on,88,E6,0.8818897637795275,0.10258618124998975,266.00841775
0,note_on,90,F#6,0.8818897637795275,0.10258618125004659,266.11186599999996
0,note_on,88,E6,0.8818897637795275,0.10258618124998975,266.21531425
0,note_on,97,C#7,0.8818897637795275,0.10258618124998975,266.3187625
0,note_on,85,C#6,0.8818897637795275,0.10258618124998975,266.42221075
0,note_on,87,D#6,0.8818897637795275,0.10258618124998975,266.525659
0,note_on,85,C#6,0.8818897637795275,0.10258618124998975,266.62910725
0,note_on,92,G#6,0.8818897637795275,0.10258618124998975,266.7325555
0,note_on,80,G#5,0.8818897637795275,0.10258618125004659,266.83600375
0,note_on,81,A5,0.8818897637795275,0.10258618124998975,266.939452
0,note_on,80,G#5,0.8818897637795275,0.10258618124998975,267.04290025
0,note_on,88,E6,0.8818897637795275,0.10258618124998975,267.1463485
0,note_on,76,E5,0.8818897637795275,0.10258618125004659,267.24979675
0,note_on,78,F#5,0.8818897637795275,0.10258618124998975,267.353245
0,note_on,76,E5,0.8818897637795275,0.10258618124998975,267.45669325
0,note_on,85,C#6,0.8818897637795275,0.10258618124998975,267.5601415
0,note_on,73,C#5,0.8818897637795275,0.10258618125004659,267.66358974999997
0,note_on,75,D#5,0.8818897637795275,0.10258618124998975,267.767038
0,note_on,73,C#5,0.8818897637795275,0.10258618124998975,267.87048625
0,note_on,80,G#5,0.8818897637795275,0.10258618124998975,267.9739345
0,note_on,68,G#4,0.8818897637795275,0.10258618125004659,268.07738274999997
0,note_on,69,A4,0.8818897637795275,0.10258618124998975,268.180831
0,note_on,68,G#4,0.8818897637795275,0.10258618124998975,268.28427925
0,note_on,76,E5,0.8818897637795275,0.10258618124998975,268.3877275
0,note_on,64,E4,0.8818897637795275,0.10258618125004659,268.49117574999997
0,note_on,66,F#4,0.8818897637795275,0.10258618124998975,268.594624
0,note_on,64,E4,0.8818897637795275,0.10258618124998975,268.69807225
0,note_on,73,C#5,0.8818897637795275,0.10258618124998975,268.8015205
0,note_on,61,C#4,0.8818897637795275,0.10258618125004659,268.90496874999997
0,note_on,63,D#4,0.8818897637795275,0.10258618124998975,269.008417
0,note_on,61,C#4,0.8818897637795275,0.10258618124998975,269.11186525
0,note_on,68,G#4,0.8818897637795275,0.10258618124998975,269.2153135
0,note_on,56,G#3,0.8818897637795275,0.10258618124998975,269.31876175
0,note_on,63,D#4,0.8818897637795275,0.10258618124998975,269.42221
0,note_on,61,C#4,0.8818897637795275,0.10258618124998975,269.52565825
0,note_on,68,G#4,0.8818897637795275,0.10258618124998975,269.6291065
0,note_on,56,G#3,0.8818897637795275,0.10258618125004659,269.73255474999996
0,note_on,63,D#4,0.8818897637795275,0.10258618124998975,269.836003
0,note_on,61,C#4,0.8818897637795275,0.10258618124998975,269.93945125
0,note_on,69,A4,0.8818897637795275,0.10258618124998975,270.0428995
0,note_on,57,A3,0.8818897637795275,0.10258618124998975,270.14634775
0,note_on,63,D#4,0.8818897637795275,0.10258618124998975,270.249796
0,note_on,61,C#4,0.8818897637795275,0.10258618124998975,270.35324425
0,note_on,68,G#4,0.8818897637795275,0.10258618124998975,270.45669250000003
0,note_on,56,G#3,0.8818897637795275,0.10258618124998975,270.56014075
0,note_on,63,D#4,0.8818897637795275,0.10258618124998975,270.663589
0,note_on,61,C#4,0.8818897637795275,0.10258618124998975,270.76703725
0,note_on,67,G4,0.8818897637795275,0.10258618124998975,270.87048550000003
0,note_on,55,G3,0.8818897637795275,0.10258618124998975,270.97393375
0,note_on,63,D#4,0.8818897637795275,0.10258618124998975,271.077382
0,note_on,61,C#4,0.8818897637795275,0.10258618124998975,271.18083025
0,note_on,68,G#4,0.8818897637795275,0.10258618124998975,271.2842785
0,note_on,56,G#3,0.8818897637795275,0.10258618124998975,271.38772675
0,note_on,63,D#4,0.8818897637795275,0.10258618124998975,271.491175
0,note_on,60,C4,0.8818897637795275,0.10258618125004659,271.59462325
0,note_on,68,G#4,0.8818897637795275,0.10258618124998975,271.6980715
0,note_on,56,G#3,0.8818897637795275,0.10258618124998975,271.80151975
0,note_on,63,D#4,0.8818897637795275,0.10258618124998975,271.904968
0,note_on,61,C#4,0.8818897637795275,0.10258618125004659,272.00841625
0,note_on,68,G#4,0.8818897637795275,0.10258618124998975,272.1118645
0,note_on,56,G#3,0.8818897637795275,0.10258618124998975,272.21531275
0,note_on,69,A4,0.8818897637795275,0.10258618124998975,272.318761
0,note_on,68,G#4,0.8818897637795275,0.10258618125004659,272.42220925
0,note_on,76,E5,0.8818897637795275,0.10258618124998975,272.5256575
0,note_on,64,E4,0.8818897637795275,0.10258618124998975,272.62910575
0,note_on,69,A4,0.8818897637795275,0.10258618124998975,272.732554
0,note_on,68,G#4,0.8818897637795275,0.10258618125004659,272.83600225
0,note_on,76,E5,0.8818897637795275,0.10258618124998975,272.9394505
0,note_on,64,E4,0.8818897637795275,0.10258618124998975,273.04289875
0,note_on,69,A4,0.8818897637795275,0.10258618124998975,273.146347
0,note_on,68,G#4,0.8818897637795275,0.10258618125004659,273.24979525
0,note_on,75,D#5,0.8818897637795275,0.10258618124998975,273.3532435
0,note_on,63,D#4,0.8818897637795275,0.10258618124998975,273.45669175
0,note_on,69,A4,0.8818897637795275,0.10258618124998975,273.56014
0,note_on,68,G#4,0.8818897637795275,0.10258618125004659,273.66358825
0,note_on,75,D#5,0.8818897637795275,0.10258618124998975,273.7670365
0,note_on,63,D#4,0.8818897637795275,0.10258618124998975,273.87048475
0,note_on,69,A4,0.8818897637795275,0.10258618124998975,273.973933
0,note_on,68,G#4,0.8818897637795275,0.10258618124998975,274.07738125000003
0,note_on,73,C#5,0.8818897637795275,0.10258618124998975,274.1808295
0,note_on,61,C#4,0.8818897637795275,0.10258618124998975,274.28427775
0,note_on,64,E4,0.3858267716535433,0.10258618124998975,274.387726
0,note_on,63,D#4,0.3858267716535433,0.10258618124998975,274.49117425000003
0,note_on,68,G#4,0.3858267716535433,0.10258618124998975,274.5946225
0,note_on,56,G#3,0.3858267716535433,0.10258618124998975,274.69807075
0,note_on,64,E4,0.3858267716535433,0.10258618125004659,274.801519
0,note_on,63,D#4,0.3858267716535433,0.10258618124998975,274.90496725
0,note_on,68,G#4,0.3858267716535433,0.10258618124998975,275.0084155
0,note_on,56,G#3,0.3858267716535433,0.10258618124998975,275.11186375
0,note_on,63,D#4,0.3858267716535433,0.10258618125004659,275.215312
0,note_on,61,C#4,0.3858267716535433,0.10258618124998975,275.31876025
0,note_on,68,G#4,0.3858267716535433,0.10258618124998975,275.4222085
0,note_on,56,G#3,0.3858267716535433,0.10258618124998975,275.52565675
0,note_on,69,A4,0.8818897637795275,0.10258618125004659,275.629105
0,note_on,68,G#4,0.8818897637795275,0.10258618124998975,275.73255325
0,note_on,76,E5,0.8818897637795275,0.10258618124998975,275.8360015
0,note_on,64,E4,0.8818897637795275,0.10258618124998975,275.93944975
0,note_on,69,A4,0.8818897637795275,0.10258618125004659,276.042898
0,note_on,68,G#4,0.8818897637795275,0.10258618124998975,276.14634625
0,note_on,76,E5,0.8818897637795275,0.10258618124998975,276.2497945
0,note_on,64,E4,0.8818897637795275,0.10258618124998975,276.35324275
0,note_on,69,A4,0.8818897637795275,0.10258618125004659,276.456691
0,note_on,68,G#4,0.8818897637795275,0.10258618124998975,276.56013925
0,note_on,75,D#5,0.8818897637795275,0.10258618124998975,276.6635875
0,note_on,63,D#4,0.8818897637795275,0.10258618124998975,276.76703575
0,note_on,69,A4,0.8818897637795275,0.10258618125004659,276.870484
0,note_on,68,G#4,0.8818897637795275,0.10258618124998975,276.97393225
0,note_on,75,D#5,0.8818897637795275,0.10258618124998975,277.0773805
0,note_on,63,D#4,0.8818897637795275,0.10258618124998975,277.18082875
0,note_on,69,A4,0.8818897637795275,0.10258618124998975,277.28427700000003
0,note_on,68,G#4,0.8818897637795275,0.10258618124998975,277.38772525
0,note_on,73,C#5,0.8818897637795275,0.10258618124998975,277.4911735
0,note_on,61,C#4,0.8818897637795275,0.10258618124998975,277.59462175
0,note_on,64,E4,0.3858267716535433,0.10258618124998975,277.69807000000003
0,note_on,63,D#4,0.3858267716535433,0.10258618124998975,277.80151825
0,note_on,68,G#4,0.3858267716535433,0.10258618124998975,277.9049665
0,note_on,56,G#3,0.3858267716535433,0.10258618124998975,278.00841475
0,note_on,64,E4,0.3858267716535433,0.10258618124998975,278.111863
0,note_on,63,D#4,0.3858267716535433,0.10258618124998975,278.21531125
0,note_on,68,G#4,0.3858267716535433,0.10258618124998975,278.3187595
0,note_on,56,G#3,0.3858267716535433,0.10258618125004659,278.42220775
0,note_on,63,D#4,0.3858267716535433,0.10258618124998975,278.525656
0,note_on,61,C#4,0.3858267716535433,0.10258618124998975,278.62910425
0,note_on,68,G#4,0.3858267716535433,0.10258618124998975,278.7325525
0,note_on,56,G#3,0.3858267716535433,0.10258618125004659,278.83600075
0,note_on,69,A4,0.3858267716535433,0.10258618124998975,278.939449
0,note_on,68,G#4,0.3858267716535433,0.10258618124998975,279.04289725
0,note_on,76,E5,0.3858267716535433,0.10258618124998975,279.1463455
0,note_on,64,E4,0.3858267716535433,0.10258618125004659,279.24979375
0,note_on,63,D#4,0.3858267716535433,0.10258618124998975,279.353242
0,note_on,61,C#4,0.3858267716535433,0.10258618124998975,279.45669025
0,note_on,68,G#4,0.3858267716535433,0.10258618124998975,279.5601385
0,note_on,56,G#3,0.3858267716535433,0.10258618125004659,279.66358675
0,note_on,69,A4,0.3858267716535433,0.10258618124998975,279.767035
0,note_on,68,G#4,0.3858267716535433,0.10258618124998975,279.87048325
0,note_on,76,E5,0.3858267716535433,0.10258618124998975,279.9739315
0,note_on,64,E4,0.3858267716535433,0.10258618125004659,280.07737975
0,note_on,63,D#4,0.3858267716535433,0.10258618124998975,280.180828
0,note_on,61,C#4,0.3858267716535433,0.10258618124998975,280.28427625
0,note_on,68,G#4,0.3858267716535433,0.10258618124998975,280.3877245
0,note_on,56,G#3,0.3858267716535433,0.10258618124998975,280.49117275000003
0,note_on,69,A4,0.3858267716535433,0.10258618124998975,280.594621
0,note_on,68,G#4,0.3858267716535433,0.10258618124998975,280.69806925
0,note_on,76,E5,0.3858267716535433,0.10258618124998975,280.8015175
0,note_on,64,E4,0.3858267716535433,0.10258618124998975,280.90496575000003
0,note_on,63,D#4,0.3858267716535433,0.10258618124998975,281.008414
0,note_on,61,C#4,0.3858267716535433,0.10258618124998975,281.11186225
0,note_on,68,G#4,0.3858267716535433,0.10258618124998975,281.2153105
0,note_on,56,G#3,0.3858267716535433,0.10258618124998975,281.31875875000003
0,note_on,69,A4,0.3858267716535433,0.10258618124998975,281.422207
0,note_on,68,G#4,0.3858267716535433,0.10258618124998975,281.52565525
0,note_on,76,E5,0.3858267716535433,0.10258618125004659,281.6291035
0,note_on,64,E4,0.3858267716535433,0.10258618124998975,281.73255175
0,note_on,66,F#4,0.3858267716535433,0.10258618124998975,281.836
0,note_on,64,E4,0.3858267716535433,0.10258618124998975,281.93944825
0,note_on,73,C#5,0.3858267716535433,0.10258618125004659,282.0428965
0,note_on,61,C#4,0.3858267716535433,0.10258618124998975,282.14634475
0,note_on,69,A4,0.3858267716535433,0.10258618124998975,282.249793
0,note_on,68,G#4,0.3858267716535433,0.10258618124998975,282.35324125
0,note_on,73,C#5,0.3858267716535433,0.10258618125004659,282.4566895
0,note_on,61,C#4,0.3858267716535433,0.10258618124998975,282.56013775
0,note_on,66,F#4,0.3858267716535433,0.10258618124998975,282.663586
0,note_on,64,E4,0.3858267716535433,0.10258618124998975,282.76703425
0,note_on,73,C#5,0.3858267716535433,0.10258618125004659,282.8704825
0,note_on,61,C#4,0.3858267716535433,0.10258618124998975,282.97393075
0,note_on,69,A4,0.3858267716535433,0.10258618124998975,283.077379
0,note_on,68,G#4,0.3858267716535433,0.10258618124998975,283.18082725
0,note_on,73,C#5,0.3858267716535433,0.10258618125004659,283.2842755
0,note_on,61,C#4,0.3858267716535433,0.10258618124998975,283.38772375
0,note_on,66,F#4,0.3858267716535433,0.10258618124998975,283.491172
0,note_on,64,E4,0.3858267716535433,0.10258618124998975,283.59462025
0,note_on,73,C#5,0.3858267716535433,0.10258618125004659,283.6980685
0,note_on,61,C#4,0.3858267716535433,0.10258618124998975,283.80151675
0,note_on,69,A4,0.3858267716535433,0.10258618124998975,283.904965
0,note_on,68,G#4,0.3858267716535433,0.10258618124998975,284.00841325
0,note_on,73,C#5,0.3858267716535433,0.10258618124998975,284.11186150000003
0,note_on,61,C#4,0.3858267716535433,0.10258618124998975,284.21530975
0,note_on,66,F#4,0.3858267716535433,0.10258618124998975,284.318758
0,note_on,64,E4,0.3858267716535433,0.10258618124998975,284.42220625
0,note_on,73,C#5,0.3858267716535433,0.10258618124998975,284.52565450000003
0,note_on,61,C#4,0.3858267716535433,0.10258618124998975,284.62910275
0,note_on,69,A4,0.3858267716535433,0.10258618124998975,284.732551
0,note_on,68,G#4,0.3858267716535433,0.10258618124998975,284.83599925
0,note_on,73,C#5,0.3858267716535433,0.10258618124998975,284.9394475
0,note_on,61,C#4,0.3858267716535433,0.10258618124998975,285.04289575
0,note_on,63,D#4,0.3858267716535433,0.10258618124998975,285.146344
0,note_on,61,C#4,0.3858267716535433,0.10258618125004659,285.24979225
0,note_on,68,G#4,0.3858267716535433,0.10258618124998975,285.3532405
0,note_on,56,G#3,0.3858267716535433,0.10258618124998975,285.45668875
0,note_on,63,D#4,0.3858267716535433,0.10258618124998975,285.560137
0,note_on,61,C#4,0.3858267716535433,0.10258618125004659,285.66358525
0,note_on,68,G#4,0.3858267716535433,0.10258618124998975,285.7670335
0,note_on,56,G#3,0.3858267716535433,0.10258618124998975,285.87048175
0,note_on,63,D#4,0.3858267716535433,0.10258618124998975,285.97393
0,note_on,61,C#4,0.3858267716535433,0.10258618125004659,286.07737825
0,note_on,68,G#4,0.3858267716535433,0.10258618124998975,286.1808265
0,note_on,56,G#3,0.3858267716535433,0.10258618124998975,286.28427475
0,note_on,63,D#4,0.3858267716535433,0.10258618124998975,286.387723
0,note_on,61,C#4,0.3858267716535433,0.10258618125004659,286.49117125
0,note_on,68,G#4,0.3858267716535433,0.10258618124998975,286.5946195
0,note_on,56,G#3,0.3858267716535433,0.10258618124998975,286.69806775
0,note_on,63,D#4,0.3858267716535433,0.10258618124998975,286.801516
0,note_on,61,C#4,0.3858267716535433,0.10258618125004659,286.90496425
0,note_on,68,G#4,0.3858267716535433,0.10258618124998975,287.0084125
0,note_on,56,G#3,0.3858267716535433,0.10258618124998975,287.11186075
0,note_on,63,D#4,0.3858267716535433,0.10258618124998975,287.215309
0,note_on,61,C#4,0.3858267716535433,0.10258618125004659,287.31875725
0,note_on,68,G#4,0.3858267716535433,0.10258618124998975,287.4222055
0,note_on,56,G#3,0.3858267716535433,0.10258618124998975,287.52565375
0,note_on,63,D#4,0.3858267716535433,0.10258618124998975,287.629102
0,note_on,61,C#4,0.3858267716535433,0.10258618124998975,287.73255025000003
0,note_on,68,G#4,0.3858267716535433,0.10258618124998975,287.8359985
0,note_on,56,G#3,0.3858267716535433,0.10258618124998975,287.93944675
0,note_on,63,D#4,0.3858267716535433,0.10258618125004659,288.042895
0,note_on,61,C#4,0.3858267716535433,0.10258618124998975,288.14634325000003
0,note_on,68,G#4,0.3858267716535433,0.10258618124998975,288.2497915
0,note_on,56,G#3,0.3858267716535433,0.10258618124998975,288.35323975
0,note_on,63,D#4,0.25984251968503935,0.10258618124998975,288.456688
0,note_on,61,C#4,0.25984251968503935,0.10258618124998975,288.56013625
0,note_on,68,G#4,0.25984251968503935,0.10258618124998975,288.6635845
0,note_on,56,G#3,0.25984251968503935,0.10258618124998975,288.76703275
0,note_on,63,D#4,0.25984251968503935,0.10258618125004659,288.870481
0,note_on,61,C#4,0.25984251968503935,0.10258618124998975,288.97392925
0,note_on,68,G#4,0.25984251968503935,0.10258618124998975,289.0773775
0,note_on,56,G#3,0.25984251968503935,0.10258618124998975,289.18082575
0,note_on,63,D#4,0.25984251968503935,0.10258618125004659,289.284274
0,note_on,61,C#4,0.25984251968503935,0.10258618124998975,289.38772225
0,note_on,68,G#4,0.25984251968503935,0.10258618124998975,289.4911705
0,note_on,56,G#3,0.25984251968503935,0.10258618124998975,289.59461875
0,note_on,63,D#4,0.25984251968503935,0.10258618125004659,289.698067
0,note_on,61,C#4,0.25984251968503935,0.10258618124998975,289.80151525
0,note_on,68,G#4,0.25984251968503935,0.10258618124998975,289.9049635
0,note_on,56,G#3,0.25984251968503935,0.10258618124998975,290.00841175
0,note_on,63,D#4,0.25984251968503935,0.10258618125004659,290.11186
0,note_on,61,C#4,0.25984251968503935,0.10258618124998975,290.21530825
0,note_on,68,G#4,0.25984251968503935,0.10258618124998975,290.3187565
0,note_on,56,G#3,0.25984251968503935,0.10258618124998975,290.42220475
0,note_on,63,D#4,0.25984251968503935,0.10258618124998975,290.52565300000003
0,note_on,61,C#4,0.25984251968503935,0.10258618124998975,290.62910125
0,note_on,68,G#4,0.25984251968503935,0.10258618124998975,290.7325495
0,note_on,56,G#3,0.25984251968503935,0.10258618124998975,290.83599775
0,note_on,63,D#4,0.25984251968503935,0.10258618125004659,290.939446
0,note_on,61,C#4,0.25984251968503935,0.10258618124998975,291.04289425
0,note_on,68,G#4,0.25984251968503935,0.10258618124998975,291.1463425
0,note_on,56,G#3,0.25984251968503935,0.10258618124998975,291.24979075
0,note_on,63,D#4,0.25984251968503935,0.10258618124998975,291.35323900000003
0,note_on,61,C#4,0.25984251968503935,0.10258618124998975,291.45668725
0,note_on,68,G#4,0.25984251968503935,0.10258618124998975,291.5601355
0,note_on,56,G#3,0.25984251968503935,0.10258618125004659,291.66358375
0,note_on,63,D#4,0.25984251968503935,0.10258618124998975,291.76703200000003
0,note_on,61,C#4,0.25984251968503935,0.10258618124998975,291.87048025
0,note_on,68,G#4,0.25984251968503935,0.10258618124998975,291.9739285
0,note_on,56,G#3,0.25984251968503935,0.10258618125004659,292.07737675
0,note_on,63,D#4,0.25984251968503935,0.10258618124998975,292.180825
0,note_on,61,C#4,0.25984251968503935,0.10258618124998975,292.28427325
0,note_on,68,G#4,0.25984251968503935,0.10258618124998975,292.3877215
0,note_on,56,G#3,0.25984251968503935,0.10258618125004659,292.49116975
0,note_on,63,D#4,0.25984251968503935,0.10258618124998975,292.594618
0,note_on,61,C#4,0.25984251968503935,0.10258618124998975,292.69806625
0,note_on,68,G#4,0.25984251968503935,0.10258618124998975,292.8015145
0,note_on,56,G#3,0.25984251968503935,0.10258618125004659,292.90496275
0,note_on,63,D#4,0.25984251968503935,0.10258618124998975,293.008411
0,note_on,61,C#4,0.25984251968503935,0.10258618124998975,293.11185925
0,note_on,68,G#4,0.25984251968503935,0.10258618124998975,293.2153075
0,note_on,56,G#3,0.25984251968503935,0.10258618125004659,293.31875575
0,note_on,63,D#4,0.25984251968503935,0.10258618124998975,293.422204
0,note_on,61,C#4,0.25984251968503935,0.10258618124998975,293.52565225
0,note_on,68,G#4,0.25984251968503935,0.10258618124998975,293.6291005
0,note_on,56,G#3,0.25984251968503935,0.10258618125004659,293.73254875
0,note_on,63,D#4,0.25984251968503935,0.10258618124998975,293.835997
0,note_on,61,C#4,0.25984251968503935,0.10258618124998975,293.93944525
0,note_on,68,G#4,0.25984251968503935,0.10258618124998975,294.0428935
0,note_on,56,G#3,0.25984251968503935,0.10258618124998975,294.14634175000003
0,note_on,63,D#4,0.25984251968503935,0.10258618124998975,294.24979
0,note_on,61,C#4,0.25984251968503935,0.10258618124998975,294.35323825
0,note_on,68,G#4,0.25984251968503935,0.10258618124998975,294.4566865
0,note_on,56,G#3,0.25984251968503935,0.10258618125004659,294.56013475
0,note_on,63,D#4,0.25984251968503935,0.10258618124998975,294.663583
0,note_on,61,C#4,0.25984251968503935,0.10258618124998975,294.76703125
0,note_on,68,G#4,0.25984251968503935,0.10258618124998975,294.8704795
0,note_on,56,G#3,0.25984251968503935,0.10258618124998975,294.97392775000003
0,note_on,63,D#4,0.25984251968503935,0.10258618124998975,295.077376
0,note_on,61,C#4,0.25984251968503935,0.10258618124998975,295.18082425
0,note_on,68,G#4,0.25984251968503935,0.10258618125004659,295.2842725
0,note_on,56,G#3,0.25984251968503935,0.10258618124998975,295.38772075
0,note_on,63,D#4,0.25984251968503935,0.10258618124998975,295.491169
0,note_on,61,C#4,0.25984251968503935,0.10258618124998975,295.59461725
0,note_on,68,G#4,0.25984251968503935,0.10258618125004659,295.6980655
0,note_on,56,G#3,0.25984251968503935,0.10258618124998975,295.80151375
0,note_on,63,D#4,0.25984251968503935,0.10258618124998975,295.904962
0,note_on,61,C#4,0.25984251968503935,0.10258618124998975,296.00841025
0,note_on,68,G#4,0.25984251968503935,0.10258618125004659,296.1118585
0,note_on,56,G#3,0.25984251968503935,0.10258618124998975,296.21530675
0,note_on,63,D#4,0.25984251968503935,0.10258618124998975,296.318755
0,note_on,61,C#4,0.25984251968503935,0.10258618124998975,296.42220325
0,note_on,68,G#4,0.25984251968503935,0.10258618125004659,296.5256515
0,note_on,56,G#3,0.25984251968503935,0.10258618124998975,296.62909975
0,note_on,63,D#4,0.25984251968503935,0.10258618124998975,296.732548
0,note_on,61,C#4,0.25984251968503935,0.10258618124998975,296.83599625
0,note_on,68,G#4,0.25984251968503935,0.10258618125004659,296.9394445
0,note_on,56,G#3,0.25984251968503935,0.10258618124998975,297.04289275
0,note_on,63,D#4,0.25984251968503935,0.10258618124998975,297.146341
0,note_on,61,C#4,0.25984251968503935,0.10258618124998975,297.24978925
0,note_on,68,G#4,0.25984251968503935,0.10258618125004659,297.3532375
0,note_on,56,G#3,0.25984251968503935,0.10258618124998975,297.45668575
0,note_on,63,D#4,0.25984251968503935,0.10258618124998975,297.560134
0,note_on,61,C#4,0.25984251968503935,0.10258618124998975,297.66358225
0,note_on,68,G#4,0.25984251968503935,0.10258618124998975,297.76703050000003
0,note_on,56,G#3,0.25984251968503935,0.10258618124998975,297.87047875
0,note_on,63,D#4,0.25984251968503935,0.10258618124998975,297.973927
0,note_on,61,C#4,0.25984251968503935,0.10258618125004659,298.07737525
0,note_on,68,G#4,0.25984251968503935,0.10258618124998975,298.18082350000003
0,note_on,56,G#3,0.25984251968503935,0.10258618124998975,298.28427175
0,note_on,63,D#4,0.25984251968503935,0.10258618124998975,298.38772
0,note_on,61,C#4,0.25984251968503935,0.10258618124998975,298.49116825
0,note_on,68,G#4,0.25984251968503935,0.10258618124998975,298.59461650000003
0,note_on,53,F3,0.25984251968503935,0.10258618124998975,298.69806475
0,note_on,63,D#4,0.25984251968503935,0.10258618124998975,298.801513
0,note_on,61,C#4,0.25984251968503935,0.10258618125004659,298.90496125
0,note_on,68,G#4,0.25984251968503935,0.10258618124998975,299.0084095
0,note_on,53,F3,0.25984251968503935,0.10258618124998975,299.11185775
0,note_on,63,D#4,0.25984251968503935,0.10258618124998975,299.215306
0,note_on,61,C#4,0.25984251968503935,0.10258618125004659,299.31875425
0,note_on,68,G#4,0.25984251968503935,0.10258618124998975,299.4222025
0,note_on,53,F3,0.25984251968503935,0.10258618124998975,299.52565075
0,note_on,63,D#4,0.25984251968503935,0.10258618124998975,299.629099
0,note_on,61,C#4,0.25984251968503935,0.10258618125004659,299.73254725
0,note_on,68,G#4,0.25984251968503935,0.10258618124998975,299.8359955
0,note_on,53,F3,0.25984251968503935,0.10258618124998975,299.93944375
0,note_on,63,D#4,0.25984251968503935,0.14874975208334718,300.042892
0,note_on,61,C#4,0.25984251968503935,0.14874975208334718,300.19289175
0,note_on,68,G#4,0.25984251968503935,0.14874975208334718,300.3428915
0,note_on,54,F#3,0.25984251968503935,0.14874975208329033,300.49289125
0,note_on,63,D#4,0.25984251968503935,0.14874975208329033,300.642891
0,note_on,61,C#4,0.25984251968503935,0.14874975208334718,300.79289074999997
0,note_on,68,G#4,0.25984251968503935,0.14874975208334718,300.9428905
0,note_on,54,F#3,0.25984251968503935,0.14874975208334718,301.09289025
0,note_on,63,D#4,0.25984251968503935,0.14874975208334718,301.24289
0,note_on,61,C#4,0.25984251968503935,0.14874975208334718,301.39288975
0,note_on,68,G#4,0.25984251968503935,0.14874975208334718,301.5428895
0,note_on,54,F#3,0.25984251968503935,0.14874975208334718,301.69288925
0,note_on,63,D#4,0.25984251968503935,0.14874975208329033,301.842889
0,note_on,61,C#4,0.25984251968503935,0.14874975208329033,301.99288875
0,note_on,68,G#4,0.25984251968503935,0.14874975208334718,302.14288849999997
0,note_on,54,F#3,0.25984251968503935,0.14874975208334718,302.29288825
0,note_on,54,F#3,0.12598425196850394,2.398746002083328,302.442888
0,note_on,56,G#3,0.12598425196850394,2.398746002083328,302.517887875
0,note_on,60,C4,0.12598425196850394,2.398746002083328,302.59288775
0,note_on,63,D#4,0.12598425196850394,2.398746002083328,302.667887625
0,note_on,53,F3,0.12598425196850394,2.398746002083385,304.84288399999997
0,note_on,56,G#3,0.12598425196850394,2.398746002083328,304.917883875
0,note_on,61,C#4,0.12598425196850394,2.398746002083328,304.99288375
1,note_on,56,G#3,0.8818897637795275,3.30948193125,0
1,note_on,44,G#2,0.8818897637795275,3.30948193125,0
1,note_on,49,C#3,0.7559055118110236,0.13706893125000041,3.310344
1,note_on,37,C#2,0.7559055118110236,0.13706893125000041,3.310344
1,note_on,56,G#3,0.7559055118110236,0.13706893124999953,3.4482750000000006
1,note_on,61,C#4,0.7559055118110236,0.13706893125000041,3.586206
1,note_on,64,E4,0.7559055118110236,0.13706893125000041,3.7241370000000003
1,note_on,61,C#4,0.7559055118110236,0.13706893124999953,3.8620680000000003
1,note_on,56,G#3,0.7559055118110236,0.13706893124999997,3.999999
1,note_on,49,C#3,0.7559055118110236,0.13706893125000086,4.13793
1,note_on,56,G#3,0.7559055118110236,0.13706893124999908,4.275861000000001
1,note_on,61,C#4,0.7559055118110236,0.13706893124999997,4.413792
1,note_on,64,E4,0.7559055118110236,0.13706893125000086,4.551723
1,note_on,61,C#4,0.7559055118110236,0.13706893124999908,4.689654000000001
1,note_on,56,G#3,0.7559055118110236,0.13706893124999997,4.827585
1,note_on,49,C#3,0.6299212598425197,0.13706893125000086,4.965516
1,note_on,56,G#3,0.6299212598425197,0.13706893124999908,5.103447000000001
1,note_on,61,C#4,0.6299212598425197,0.13706893124999997,5.241378
1,note_on,64,E4,0.6299212598425197,0.13706893125000086,5.379309
1,note_on,61,C#4,0.6299212598425197,0.13706893124999997,5.51724
1,note_on,56,G#3,0.6299212598425197,0.13706893124999997,5.655171
1,note_on,49,C#3,0.5039370078740157,0.13706893124999997,5.793102
1,note_on,56,G#3,0.5039370078740157,0.13706893124999997,5.931033
1,note_on,61,C#4,0.5039370078740157,0.13706893124999997,6.068964
1,note_on,64,E4,0.5039370078740157,0.13706893124999997,6.206895
1,note_on,61,C#4,0.5039370078740157,0.13706893124999997,6.344826
1,note_on,56,G#3,0.5039370078740157,0.13706893124999997,6.482757
1,note_on,49,C#3,0.3858267716535433,0.13706893124999997,6.620688
1,note_on,56,G#3,0.3858267716535433,0.13706893125000086,6.7586189999999995
1,note_on,61,C#4,0.3858267716535433,0.1370689312499982,6.896550000000001
1,note_on,64,E4,0.3858267716535433,0.13706893124999997,7.034481
1,note_on,61,C#4,0.3858267716535433,0.13706893125000086,7.172412
1,note_on,56,G#3,0.3858267716535433,0.13706893124999908,7.3103430000000005
1,note_on,52,E3,0.3858267716535433,0.13706893124999997,7.4482740000000005
1,note_on,56,G#3,0.3858267716535433,0.13706893125000086,7.586205
1,note_on,61,C#4,0.3858267716535433,0.13706893124999908,7.724136000000001
1,note_on,64,E4,0.3858267716535433,0.13706893124999997,7.862067000000001
1,note_on,61,C#4,0.3858267716535433,0.13706893125000086,7.999998
1,note_on,56,G#3,0.3858267716535433,0.13706893124999908,8.137929000000002
1,note_on,49,C#3,0.3858267716535433,0.13706893125000086,8.27586
1,note_on,56,G#3,0.3858267716535433,0.13706893125000086,8.413791
1,note_on,61,C#4,0.3858267716535433,0.1370689312499973,8.551722000000002
1,note_on,64,E4,0.3858267716535433,0.13706893125000086,8.689653
1,note_on,61,C#4,0.3858267716535433,0.13706893125000086,8.827584
1,note_on,56,G#3,0.3858267716535433,0.1370689312499973,8.965515000000002
1,note_on,52,E3,0.3858267716535433,0.13706893125000086,9.103446
1,note_on,56,G#3,0.3858267716535433,0.13706893125000086,9.241377
1,note_on,61,C#4,0.3858267716535433,0.1370689312499973,9.379308000000002
1,note_on,64,E4,0.3858267716535433,0.13706893125000086,9.517239
1,note_on,61,C#4,0.3858267716535433,0.13706893125000086,9.65517
1,note_on,56,G#3,0.3858267716535433,0.1370689312499973,9.793101000000002
1,note_on,51,D#3,0.3858267716535433,0.13706893125000086,9.931032
1,note_on,57,A3,0.5039370078740157,0.13706893125000086,10.068963
1,note_on,61,C#4,0.5039370078740157,0.1370689312499973,10.206894000000002
1,note_on,66,F#4,0.6299212598425197,0.13706893125000086,10.344825
1,note_on,61,C#4,0.6299212598425197,0.13706893125000086,10.482756
1,note_on,57,A3,0.6299212598425197,0.13706893124999908,10.620687
1,note_on,54,F#3,0.7559055118110236,0.13706893125000086,10.758618
1,note_on,61,C#4,0.7559055118110236,0.13706893125000086,10.896549
1,note_on,63,D#4,0.7559055118110236,0.13706893124999908,11.03448
1,note_on,69,A4,0.7559055118110236,0.13706893125000086,11.172411
1,note_on,63,D#4,0.7559055118110236,0.13706893125000086,11.310342
1,note_on,61,C#4,0.7559055118110236,0.13706893124999908,11.448273
1,note_on,44,G#2,0.6299212598425197,0.13706893125000086,11.586204
1,note_on,51,D#3,0.6299212598425197,0.13706893125000086,11.724135
1,note_on,54,F#3,0.6299212598425197,0.13706893124999908,11.862066
1,note_on,60,C4,0.6299212598425197,0.13706893125000086,11.999997
1,note_on,54,F#3,0.6299212598425197,0.13706893124999908,12.137928
1,note_on,51,D#3,0.6299212598425197,0.13706893124999908,12.275859
1,note_on,44,G#2,0.5039370078740157,0.13706893125000086,12.41379
1,note_on,51,D#3,0.5039370078740157,0.13706893124999908,12.551721
1,note_on,54,F#3,0.5039370078740157,0.13706893124999908,12.689652
1,note_on,60,C4,0.5039370078740157,0.13706893125000086,12.827583
1,note_on,54,F#3,0.5039370078740157,0.13706893124999908,12.965514
1,note_on,51,D#3,0.5039370078740157,0.13706893124999908,13.103445
1,note_on,49,C#3,0.3858267716535433,0.13706893124999908,13.241376
1,note_on,56,G#3,0.3858267716535433,0.1370689312499973,13.379307000000003
1,note_on,61,C#4,0.3858267716535433,0.13706893125000263,13.517237999999999
1,note_on,64,E4,0.3858267716535433,0.13706893124999908,13.655169
1,note_on,61,C#4,0.3858267716535433,0.1370689312499973,13.793100000000003
1,note_on,56,G#3,0.3858267716535433,0.13706893125000263,13.931030999999999
1,note_on,52,E3,0.3858267716535433,0.13706893124999908,14.068962
1,note_on,56,G#3,0.3858267716535433,0.13706893124999908,14.206893
1,note_on,61,C#4,0.3858267716535433,0.13706893125000263,14.344824
1,note_on,64,E4,0.3858267716535433,0.13706893124999908,14.482755000000001
1,note_on,61,C#4,0.3858267716535433,0.13706893124999908,14.620686000000001
1,note_on,56,G#3,0.3858267716535433,0.13706893125000263,14.758617
1,note_on,49,C#3,0.3858267716535433,0.13706893124999908,14.896548000000001
1,note_on,56,G#3,0.3858267716535433,0.13706893124999908,15.034479000000001
1,note_on,58,A#3,0.3858267716535433,0.13706893125000263,15.17241
1,note_on,64,E4,0.3858267716535433,0.13706893124999908,15.310341000000001
1,note_on,58,A#3,0.3858267716535433,0.13706893124999908,15.448272000000001
1,note_on,56,G#3,0.3858267716535433,0.13706893125000263,15.586203
1,note_on,52,E3,0.3858267716535433,0.13706893124999908,15.724134000000001
1,note_on,56,G#3,0.3858267716535433,0.13706893124999908,15.862065000000001
1,note_on,58,A#3,0.3858267716535433,0.13706893125000263,15.999996
1,note_on,61,C#4,0.3858267716535433,0.13706893124999908,16.137927
1,note_on,58,A#3,0.3858267716535433,0.13706893124999908,16.275858000000003
1,note_on,56,G#3,0.3858267716535433,0.13706893124999908,16.413789
1,note_on,51,D#3,0.5039370078740157,0.13706893124999908,16.55172
1,note_on,56,G#3,0.5039370078740157,0.13706893124999908,16.689651
1,note_on,59,B3,0.5039370078740157,0.13706893125000263,16.827582
1,note_on,63,D#4,0.6299212598425197,0.13706893124999908,16.965513
1,note_on,59,B3,0.6299212598425197,0.13706893124999908,17.103444000000003
1,note_on,56,G#3,0.6299212598425197,0.13706893124999908,17.241375
1,note_on,51,D#3,0.7559055118110236,0.13706893124999908,17.379306
1,note_on,58,A#3,0.7559055118110236,0.13706893124999908,17.517237
1,note_on,61,C#4,0.7559055118110236,0.13706893125000263,17.655168
1,note_on,67,G4,0.7559055118110236,0.13706893124999908,17.793099
1,note_on,61,C#4,0.7559055118110236,0.13706893124999908,17.931030000000003
1,note_on,58,A#3,0.7559055118110236,0.13706893124999908,18.068961
1,note_on,44,G#2,0.6299212598425197,0.13706893124999908,18.206892
1,note_on,51,D#3,0.6299212598425197,0.13706893124999908,18.344823
1,note_on,56,G#3,0.6299212598425197,0.13706893125000263,18.482754
1,note_on,59,B3,0.5039370078740157,0.13706893124999908,18.620685
1,note_on,56,G#3,0.5039370078740157,0.13706893124999553,18.758616000000004
1,note_on,51,D#3,0.5039370078740157,0.13706893124999908,18.896547
1,note_on,44,G#2,0.3858267716535433,0.13706893124999908,19.034478
1,note_on,51,D#3,0.3858267716535433,0.13706893124999908,19.172409000000002
1,note_on,56,G#3,0.3858267716535433,0.13706893125000263,19.31034
1,note_on,59,B3,0.25984251968503935,0.13706893124999908,19.448271000000002
1,note_on,56,G#3,0.25984251968503935,0.13706893124999553,19.586202000000004
1,note_on,51,D#3,0.25984251968503935,0.13706893125000263,19.724133
1,note_on,45,A2,0.7559055118110236,0.13706893124999908,19.862064
1,note_on,49,C#3,0.7559055118110236,0.13706893124999908,19.999995000000002
1,note_on,54,F#3,0.7559055118110236,0.13706893125000263,20.137926
1,note_on,57,A3,0.7559055118110236,0.13706893124999908,20.275857000000002
1,note_on,54,F#3,0.7559055118110236,0.13706893124999553,20.413788000000004
1,note_on,49,C#3,0.7559055118110236,0.13706893125000263,20.551719
1,note_on,45,A2,0.7559055118110236,0.13706893124999908,20.68965
1,note_on,49,C#3,0.7559055118110236,0.13706893124999908,20.827581000000002
1,note_on,54,F#3,0.7559055118110236,0.13706893125000263,20.965512
1,note_on,57,A3,0.7559055118110236,0.13706893124999908,21.103443000000002
1,note_on,54,F#3,0.7559055118110236,0.13706893124999908,21.241374
1,note_on,49,C#3,0.7559055118110236,0.13706893125000263,21.379305
1,note_on,47,B2,0.7559055118110236,0.13706893124999908,21.517236
1,note_on,54,F#3,0.7559055118110236,0.13706893124999908,21.655167000000002
1,note_on,57,A3,0.7559055118110236,0.13706893125000263,21.793098
1,note_on,59,B3,0.7559055118110236,0.13706893124999908,21.931029000000002
1,note_on,57,A3,0.7559055118110236,0.13706893124999908,22.06896
1,note_on,54,F#3,0.7559055118110236,0.13706893125000263,22.206891
1,note_on,40,E2,0.7559055118110236,0.13706893124999908,22.344822
1,note_on,47,B2,0.7559055118110236,0.13706893124999908,22.482753000000002
1,note_on,52,E3,0.7559055118110236,0.13706893125000263,22.620684
1,note_on,56,G#3,0.7559055118110236,0.13706893124999908,22.758615000000002
1,note_on,52,E3,0.7559055118110236,0.13706893124999908,22.896546
1,note_on,47,B2,0.7559055118110236,0.13706893125000263,23.034477
1,note_on,45,A2,0.7559055118110236,0.13706893124999908,23.172408
1,note_on,49,C#3,0.7559055118110236,0.13706893124999908,23.310339000000003
1,note_on,54,F#3,0.7559055118110236,0.13706893125000263,23.44827
1,note_on,57,A3,0.7559055118110236,0.13706893124999908,23.586201000000003
1,note_on,54,F#3,0.7559055118110236,0.13706893124999908,23.724132
1,note_on,49,C#3,0.7559055118110236,0.13706893125000263,23.862063
1,note_on,45,A2,0.7559055118110236,0.13706893124999908,23.999994
1,note_on,49,C#3,0.7559055118110236,0.13706893124999908,24.137925000000003
1,note_on,54,F#3,0.7559055118110236,0.13706893125000263,24.275856
1,note_on,57,A3,0.7559055118110236,0.13706893124999908,24.413787000000003
1,note_on,54,F#3,0.7559055118110236,0.13706893124999908,24.551718
1,note_on,49,C#3,0.7559055118110236,0.13706893125000263,24.689649
1,note_on,47,B2,0.7559055118110236,0.13706893124999908,24.82758
1,note_on,51,D#3,0.7559055118110236,0.13706893124999908,24.965511000000003
1,note_on,57,A3,0.7559055118110236,0.13706893125000263,25.103442
1,note_on,59,B3,0.7559055118110236,0.13706893124999553,25.241373000000003
1,note_on,57,A3,0.7559055118110236,0.13706893124999908,25.379304
1,note_on,51,D#3,0.7559055118110236,0.13706893125000263,25.517235
1,note_on,40,E2,0.7559055118110236,0.13706893124999908,25.655166
1,note_on,47,B2,0.7559055118110236,0.13706893124999908,25.793097000000003
1,note_on,52,E3,0.7559055118110236,0.13706893125000263,25.931028
1,note_on,56,G#3,0.7559055118110236,0.13706893124999553,26.068959000000003
1,note_on,52,E3,0.7559055118110236,0.13706893124999908,26.20689
1,note_on,47,B2,0.7559055118110236,0.13706893125000263,26.344821
1,note_on,42,F#2,0.3858267716535433,0.13706893124999908,26.482752
1,note_on,49,C#3,0.3858267716535433,0.1370689312500062,26.620683
1,note_on,54,F#3,0.3858267716535433,0.13706893124999553,26.758614000000005
1,note_on,57,A3,0.3858267716535433,0.13706893124999908,26.896545
1,note_on,54,F#3,0.3858267716535433,0.1370689312500062,27.034475999999998
1,note_on,49,C#3,0.3858267716535433,0.13706893124999908,27.172407000000003
1,note_on,45,A2,0.3858267716535433,0.13706893124999908,27.310338
1,note_on,49,C#3,0.3858267716535433,0.13706893125000263,27.448269
1,note_on,54,F#3,0.3858267716535433,0.13706893124999553,27.586200000000005
1,note_on,57,A3,0.3858267716535433,0.13706893124999908,27.724131
1,note_on,54,F#3,0.3858267716535433,0.1370689312500062,27.862061999999998
1,note_on,49,C#3,0.3858267716535433,0.13706893124999908,27.999993000000003
1,note_on,47,B2,0.3858267716535433,0.13706893124999908,28.137924
1,note_on,54,F#3,0.3858267716535433,0.13706893125000263,28.275855
1,note_on,57,A3,0.3858267716535433,0.13706893124999908,28.413786
1,note_on,59,B3,0.3858267716535433,0.13706893124999908,28.551717
1,note_on,57,A3,0.3858267716535433,0.1370689312500062,28.689648
1,note_on,54,F#3,0.3858267716535433,0.13706893124999908,28.827579000000004
1,note_on,40,E2,0.3858267716535433,0.13706893124999908,28.965510000000002
1,note_on,47,B2,0.3858267716535433,0.13706893125000263,29.103441
1,note_on,52,E3,0.3858267716535433,0.13706893124999908,29.241372000000002
1,note_on,56,G#3,0.5039370078740157,0.13706893124999908,29.379303
1,note_on,52,E3,0.5039370078740157,0.1370689312500062,29.517234
1,note_on,47,B2,0.5039370078740157,0.13706893124999908,29.655165000000004
1,note_on,45,A2,0.5039370078740157,0.13706893124999908,29.793096000000002
1,note_on,49,C#3,0.5039370078740157,0.13706893125000263,29.931027
1,note_on,54,F#3,0.6299212598425197,0.13706893124999908,30.068958000000002
1,note_on,57,A3,0.6299212598425197,0.13706893124999908,30.206889
1,note_on,54,F#3,0.6299212598425197,0.1370689312500062,30.34482
1,note_on,49,C#3,0.6299212598425197,0.13706893124999908,30.482751000000004
1,note_on,45,A2,0.7559055118110236,0.13706893124999908,30.620682000000002
1,note_on,49,C#3,0.7559055118110236,0.13706893125000263,30.758613
1,note_on,54,F#3,0.7559055118110236,0.13706893124999908,30.896544000000002
1,note_on,57,A3,0.7559055118110236,0.13706893124999908,31.034475
1,note_on,54,F#3,0.7559055118110236,0.1370689312500062,31.172406
1,note_on,49,C#3,0.7559055118110236,0.13706893124999908,31.310337000000004
1,note_on,44,G#2,0.6299212598425197,0.13706893124999908,31.448268000000002
1,note_on,51,D#3,0.6299212598425197,0.13706893125000263,31.586199
1,note_on,54,F#3,0.6299212598425197,0.13706893124999908,31.724130000000002
1,note_on,60,C4,0.6299212598425197,0.13706893124999908,31.862061
1,note_on,54,F#3,0.6299212598425197,0.1370689312500062,31.999992
1,note_on,51,D#3,0.6299212598425197,0.13706893124999908,32.137923
1,note_on,44,G#2,0.6299212598425197,0.13706893124999908,32.275854
1,note_on,51,D#3,0.6299212598425197,0.1370689312500062,32.413785
1,note_on,54,F#3,0.6299212598425197,0.13706893124999908,32.551716000000006
1,note_on,60,C4,0.6299212598425197,0.13706893124999908,32.689647
1,note_on,54,F#3,0.6299212598425197,0.13706893124999908,32.827578
1,note_on,51,D#3,0.6299212598425197,0.13706893124999908,32.965509000000004
1,note_on,45,A2,0.5039370078740157,0.13706893124999908,33.10344
1,note_on,51,D#3,0.5039370078740157,0.1370689312500062,33.241371
1,note_on,54,F#3,0.5039370078740157,0.13706893124999908,33.379302
1,note_on,59,B3,0.5039370078740157,0.13706893124999908,33.517233000000004
1,note_on,54,F#3,0.5039370078740157,0.1370689312500062,33.655164
1,note_on,51,D#3,0.5039370078740157,0.13706893124999908,33.793095
1,note_on,46,A#2,0.5039370078740157,0.13706893124999908,33.931026
1,note_on,51,D#3,0.5039370078740157,0.1370689312500062,34.068957
1,note_on,54,F#3,0.5039370078740157,0.13706893124999908,34.206888000000006
1,note_on,58,A#3,0.5039370078740157,0.13706893124999908,34.344819
1,note_on,54,F#3,0.5039370078740157,0.13706893124999908,34.48275
1,note_on,51,D#3,0.5039370078740157,0.13706893124999908,34.620681000000005
1,note_on,48,C3,0.3858267716535433,0.13706893124999908,34.758612
1,note_on,51,D#3,0.3858267716535433,0.1370689312500062,34.896543
1,note_on,54,F#3,0.3858267716535433,0.13706893124999908,35.034474
1,note_on,57,A3,0.3858267716535433,0.13706893124999908,35.172405000000005
1,note_on,54,F#3,0.3858267716535433,0.1370689312500062,35.310336
1,note_on,51,D#3,0.3858267716535433,0.13706893124999908,35.448267
1,note_on,48,C3,0.3858267716535433,0.13706893124999908,35.586198
1,note_on,51,D#3,0.3858267716535433,0.1370689312500062,35.724129
1,note_on,54,F#3,0.3858267716535433,0.13706893124999908,35.86206000000001
1,note_on,57,A3,0.3858267716535433,0.13706893124999908,35.999991
1,note_on,54,F#3,0.3858267716535433,0.13706893124999908,36.137922
1,note_on,51,D#3,0.3858267716535433,0.13706893124999908,36.275853000000005
1,note_on,45,A2,0.25984251968503935,0.13706893124999908,36.413784
1,note_on,51,D#3,0.25984251968503935,0.1370689312500062,36.551715
1,note_on,54,F#3,0.25984251968503935,0.13706893124999908,36.689646
1,note_on,59,B3,0.25984251968503935,0.13706893124999908,36.827577000000005
1,note_on,54,F#3,0.25984251968503935,0.1370689312500062,36.965508
1,note_on,51,D#3,0.25984251968503935,0.13706893124999908,37.103439
1,note_on,46,A#2,0.25984251968503935,0.13706893124999908,37.24137
1,note_on,51,D#3,0.25984251968503935,0.1370689312500062,37.379301
1,note_on,54,F#3,0.25984251968503935,0.13706893124999908,37.51723200000001
1,note_on,58,A#3,0.25984251968503935,0.13706893124999908,37.655163
1,note_on,54,F#3,0.25984251968503935,0.13706893124999908,37.793094
1,note_on,51,D#3,0.25984251968503935,0.13706893124999908,37.931025000000005
1,note_on,47,B2,0.25984251968503935,0.13706893124999908,38.068956
1,note_on,51,D#3,0.25984251968503935,0.1370689312500062,38.206887
1,note_on,54,F#3,0.25984251968503935,0.13706893124999908,38.344818000000004
1,note_on,57,A3,0.25984251968503935,0.13706893124999198,38.482749000000005
1,note_on,54,F#3,0.25984251968503935,0.1370689312500062,38.62068
1,note_on,51,D#3,0.25984251968503935,0.13706893124999908,38.758611
1,note_on,48,C3,0.25984251968503935,0.198749668749997,38.896542000000004
1,note_on,51,D#3,0.25984251968503935,0.1987496687500041,39.09654166666667
1,note_on,54,F#3,0.25984251968503935,0.198749668749997,39.29654133333334
1,note_on,56,G#3,0.25984251968503935,0.1987496687500041,39.496541
1,note_on,54,F#3,0.25984251968503935,0.198749668749997,39.69654066666667
1,note_on,51,D#3,0.25984251968503935,0.1987496687500041,39.896540333333334
1,note_on,49,C#3,0.3858267716535433,0.13706893124999908,40.096540000000005
1,note_on,56,G#3,0.3858267716535433,0.13706893124999908,40.234471000000006
1,note_on,61,C#4,0.3858267716535433,0.1370689312500062,40.372402
1,note_on,64,E4,0.3858267716535433,0.13706893124999908,40.510333
1,note_on,61,C#4,0.3858267716535433,0.13706893124999908,40.648264000000005
1,note_on,56,G#3,0.3858267716535433,0.13706893124999908,40.786195000000006
1,note_on,52,E3,0.3858267716535433,0.1370689312500062,40.924126
1,note_on,56,G#3,0.3858267716535433,0.13706893124999908,41.062057
1,note_on,61,C#4,0.3858267716535433,0.13706893124999908,41.199988000000005
1,note_on,64,E4,0.3858267716535433,0.13706893124999908,41.33791900000001
1,note_on,61,C#4,0.3858267716535433,0.1370689312500062,41.47585
1,note_on,56,G#3,0.3858267716535433,0.13706893124999908,41.613781
1,note_on,49,C#3,0.3858267716535433,0.13706893124999908,41.751712000000005
1,note_on,56,G#3,0.3858267716535433,0.13706893124999908,41.88964300000001
1,note_on,61,C#4,0.3858267716535433,0.1370689312500062,42.027574
1,note_on,64,E4,0.3858267716535433,0.13706893124999908,42.165505
1,note_on,61,C#4,0.3858267716535433,0.13706893124999908,42.303436000000005
1,note_on,56,G#3,0.3858267716535433,0.13706893124999908,42.44136700000001
1,note_on,52,E3,0.3858267716535433,0.1370689312500062,42.579298
1,note_on,56,G#3,0.3858267716535433,0.13706893124999908,42.717229
1,note_on,61,C#4,0.3858267716535433,0.13706893124999908,42.855160000000005
1,note_on,64,E4,0.3858267716535433,0.13706893124999908,42.99309100000001
1,note_on,61,C#4,0.3858267716535433,0.1370689312500062,43.131022
1,note_on,56,G#3,0.3858267716535433,0.13706893124999908,43.268953
1,note_on,51,D#3,0.3858267716535433,0.13706893124999908,43.406884000000005
1,note_on,57,A3,0.3858267716535433,0.13706893124999908,43.54481500000001
1,note_on,61,C#4,0.3858267716535433,0.1370689312500062,43.682746
1,note_on,66,F#4,0.5039370078740157,0.13706893124999908,43.820677
1,note_on,61,C#4,0.5039370078740157,0.13706893124999908,43.958608000000005
1,note_on,57,A3,0.5039370078740157,0.13706893124999908,44.09653900000001
1,note_on,54,F#3,0.5039370078740157,0.1370689312500062,44.23447
1,note_on,61,C#4,0.5039370078740157,0.13706893124999908,44.372401
1,note_on,63,D#4,0.5039370078740157,0.13706893124999908,44.510332000000005
1,note_on,69,A4,0.6299212598425197,0.13706893124999908,44.64826300000001
1,note_on,63,D#4,0.6299212598425197,0.13706893124999908,44.78619400000001
1,note_on,61,C#4,0.6299212598425197,0.13706893124999908,44.924125000000004
1,note_on,44,G#2,0.6299212598425197,0.13706893124999908,45.062056000000005
1,note_on,51,D#3,0.6299212598425197,0.13706893124999908,45.19998700000001
1,note_on,54,F#3,0.6299212598425197,0.13706893124999908,45.337918
1,note_on,60,C4,0.5039370078740157,0.13706893124999908,45.475849000000004
1,note_on,54,F#3,0.5039370078740157,0.13706893124999908,45.613780000000006
1,note_on,51,D#3,0.5039370078740157,0.13706893124999908,45.75171100000001
1,note_on,44,G#2,0.5039370078740157,0.1370689312500062,45.889642
1,note_on,51,D#3,0.5039370078740157,0.13706893124999908,46.027573000000004
1,note_on,54,F#3,0.5039370078740157,0.13706893124999908,46.165504000000006
1,note_on,60,C4,0.5039370078740157,0.13706893124999908,46.30343500000001
1,note_on,54,F#3,0.5039370078740157,0.13706893124999908,46.441366
1,note_on,51,D#3,0.5039370078740157,0.13706893124999908,46.579297000000004
1,note_on,49,C#3,0.3858267716535433,0.13706893124999908,46.717228000000006
1,note_on,56,G#3,0.3858267716535433,0.1370689312500062,46.855159
1,note_on,61,C#4,0.3858267716535433,0.13706893124999198,46.99309000000001
1,note_on,64,E4,0.3858267716535433,0.13706893124999908,47.131021000000004
1,note_on,61,C#4,0.3858267716535433,0.13706893124999908,47.268952000000006
1,note_on,56,G#3,0.3858267716535433,0.13706893124999908,47.40688300000001
1,note_on,52,E3,0.3858267716535433,0.13706893124999908,47.544814
1,note_on,56,G#3,0.3858267716535433,0.13706893124999908,47.682745000000004
1,note_on,61,C#4,0.3858267716535433,0.13706893124999908,47.820676000000006
1,note_on,64,E4,0.3858267716535433,0.13706893124999908,47.95860700000001
1,note_on,61,C#4,0.3858267716535433,0.1370689312500062,48.096538
1,note_on,56,G#3,0.3858267716535433,0.13706893124999908,48.234469000000004
1,note_on,54,F#3,0.3858267716535433,0.13706893124999908,48.372400000000006
1,note_on,61,C#4,0.3858267716535433,0.13706893124999908,48.51033100000001
1,note_on,63,D#4,0.3858267716535433,0.13706893124999908,48.648262
1,note_on,69,A4,0.3858267716535433,0.13706893124999908,48.786193000000004
1,note_on,63,D#4,0.3858267716535433,0.13706893124999908,48.924124000000006
1,note_on,61,C#4,0.3858267716535433,0.13706893124999198,49.06205500000001
1,note_on,56,G#3,0.5039370078740157,0.1370689312500062,49.199986
1,note_on,61,C#4,0.5039370078740157,0.13706893124999908,49.337917000000004
1,note_on,65,F4,0.5039370078740157,0.13706893124999908,49.475848000000006
1,note_on,71,B4,0.5039370078740157,0.13706893124999908,49.61377900000001
1,note_on,65,F4,0.5039370078740157,0.13706893124999908,49.75171
1,note_on,61,C#4,0.5039370078740157,0.13706893124999908,49.889641000000005
1,note_on,57,A3,0.5039370078740157,0.13706893124999908,50.027572000000006
1,note_on,61,C#4,0.5039370078740157,0.1370689312500062,50.165503
1,note_on,66,F#4,0.5039370078740157,0.13706893124999198,50.30343400000001
1,note_on,69,A4,0.5039370078740157,0.13706893124999908,50.441365000000005
1,note_on,66,F#4,0.5039370078740157,0.13706893124999908,50.57929600000001
1,note_on,61,C#4,0.5039370078740157,0.13706893124999908,50.71722700000001
1,note_on,56,G#3,0.5039370078740157,0.13706893124999908,50.855158
1,note_on,61,C#4,0.5039370078740157,0.13706893124999908,50.993089000000005
1,note_on,65,F4,0.5039370078740157,0.13706893124999908,51.13102000000001
1,note_on,71,B4,0.5039370078740157,0.1370689312500062,51.268951
1,note_on,65,F4,0.5039370078740157,0.1370689312500062,51.406882
1,note_on,61,C#4,0.5039370078740157,0.13706893124999908,51.544813000000005
1,note_on,57,A3,0.6299212598425197,0.13706893124999908,51.68274400000001
1,note_on,61,C#4,0.6299212598425197,0.13706893124999908,51.82067500000001
1,note_on,66,F#4,0.6299212598425197,0.13706893124999908,51.958606
1,note_on,69,A4,0.6299212598425197,0.13706893124999908,52.096537000000005
1,note_on,66,F#4,0.6299212598425197,0.13706893124999908,52.23446800000001
1,note_on,61,C#4,0.6299212598425197,0.13706893124999908,52.372399
1,note_on,48,C3,0.6299212598425197,0.1370689312500062,52.51033
1,note_on,54,F#3,0.6299212598425197,0.13706893124999908,52.648261000000005
1,note_on,56,G#3,0.6299212598425197,0.13706893124999908,52.78619200000001
1,note_on,63,D#4,0.6299212598425197,0.13706893124999908,52.92412300000001
1,note_on,56,G#3,0.6299212598425197,0.13706893124999908,53.062054
1,note_on,54,F#3,0.6299212598425197,0.13706893124999908,53.199985000000005
1,note_on,49,C#3,0.6299212598425197,0.13706893124999908,53.33791600000001
1,note_on,56,G#3,0.6299212598425197,0.13706893124999198,53.47584700000001
1,note_on,61,C#4,0.6299212598425197,0.1370689312500062,53.613778
1,note_on,64,E4,0.6299212598425197,0.13706893124999908,53.751709000000005
1,note_on,61,C#4,0.6299212598425197,0.13706893124999908,53.88964000000001
1,note_on,56,G#3,0.6299212598425197,0.1370689312500062,54.027571
1,note_on,51,D#3,0.6299212598425197,0.13706893124999908,54.165502000000004
1,note_on,56,G#3,0.6299212598425197,0.13706893124999908,54.303433000000005
1,note_on,60,C4,0.6299212598425197,0.13706893124999908,54.44136400000001
1,note_on,66,F#4,0.6299212598425197,0.13706893124999908,54.579295
1,note_on,60,C4,0.6299212598425197,0.13706893124999908,54.717226000000004
1,note_on,56,G#3,0.6299212598425197,0.13706893124999908,54.855157000000005
1,note_on,52,E3,0.6299212598425197,0.13706893124999908,54.99308800000001
1,note_on,56,G#3,0.6299212598425197,0.13706893124999908,55.13101900000001
1,note_on,61,C#4,0.6299212598425197,0.13706893124999908,55.268950000000004
1,note_on,64,E4,0.6299212598425197,0.13706893124999908,55.406881000000006
1,note_on,61,C#4,0.6299212598425197,0.13706893124999908,55.54481200000001
1,note_on,56,G#3,0.6299212598425197,0.1370689312500062,55.682743
1,note_on,54,F#3,0.6299212598425197,0.13706893124999908,55.820674000000004
1,note_on,61,C#4,0.6299212598425197,0.13706893124999908,55.958605000000006
1,note_on,63,D#4,0.6299212598425197,0.1370689312500062,56.096536
1,note_on,69,A4,0.6299212598425197,0.13706893124999908,56.23446700000001
1,note_on,63,D#4,0.6299212598425197,0.13706893124999908,56.372398000000004
1,note_on,61,C#4,0.6299212598425197,0.13706893124999908,56.510329000000006
1,note_on,68,G#4,0.6299212598425197,0.10258618124999686,56.64826000000001
1,note_on,64,E4,0.6299212598425197,0.10258618124999686,56.64826000000001
1,note_on,61,C#4,0.6299212598425197,0.10258618124999686,56.64826000000001
1,note_on,56,G#3,0.6299212598425197,0.10258618124999686,56.64826000000001
1,note_on,69,A4,0.7559055118110236,0.4129309312500027,57.475846000000004
1,note_on,64,E4,0.7559055118110236,0.4129309312500027,57.475846000000004
1,note_on,61,C#4,0.7559055118110236,0.4129309312500027,57.475846000000004
1,note_on,55,G3,0.7559055118110236,0.4129309312500027,57.475846000000004
1,note_on,44,G#2,0.8818897637795275,0.10258618124999686,59.95860400000001
1,note_on,32,G#1,0.8818897637795275,0.10258618124999686,59.95860400000001
1,note_on,76,E5,0.8818897637795275,0.4129309312500027,60.37239700000001
1,note_on,64,E4,0.8818897637795275,0.4129309312500027,60.37239700000001
1,note_on,73,C#5,0.8818897637795275,0.4129309312500027,60.786190000000005
1,note_on,61,C#4,0.8818897637795275,0.4129309312500027,60.786190000000005
1,note_on,68,G#4,0.8818897637795275,0.4129309312500027,61.199983
1,note_on,56,G#3,0.8818897637795275,0.4129309312500027,61.199983
1,note_on,64,E4,0.8818897637795275,0.4129309312500027,61.613776
1,note_on,52,E3,0.8818897637795275,0.4129309312500027,61.613776
1,note_on,61,C#4,0.8818897637795275,0.4129309312499956,62.02756900000001
1,note_on,49,C#3,0.8818897637795275,0.4129309312499956,62.02756900000001
1,note_on,56,G#3,0.8818897637795275,0.4129309312500027,62.441362000000005
1,note_on,44,G#2,0.8818897637795275,0.4129309312500027,62.441362000000005
1,note_on,52,E3,0.8818897637795275,0.4129309312499956,62.85515500000001
1,note_on,40,E2,0.8818897637795275,0.4129309312499956,62.85515500000001
1,note_on,49,C#3,0.8818897637795275,0.4129309312500027,63.26894800000001
1,note_on,37,C#2,0.8818897637795275,0.4129309312500027,63.26894800000001
1,note_on,44,G#2,0.8818897637795275,0.4129309312500027,63.68274100000001
1,note_on,32,G#1,0.8818897637795275,0.4129309312500027,63.68274100000001
1,note_on,44,G#2,0.8818897637795275,0.4129309312500027,64.096534
1,note_on,32,G#1,0.8818897637795275,0.4129309312500027,64.096534
1,note_on,45,A2,0.8818897637795275,0.4129309312500027,64.510327
1,note_on,33,A1,0.8818897637795275,0.4129309312500027,64.510327
1,note_on,44,G#2,0.6299212598425197,0.4129309312500027,64.92412
1,note_on,32,G#1,0.6299212598425197,0.4129309312500027,64.92412
1,note_on,43,G2,0.6299212598425197,0.4129309312499885,65.33791300000001
1,note_on,31,G1,0.6299212598425197,0.4129309312499885,65.33791300000001
1,note_on,44,G#2,0.5039370078740157,1.1987480020833345,65.75170600000001
1,note_on,32,G#1,0.5039370078740157,1.1987480020833345,65.75170600000001
1,note_on,37,C#2,0.5039370078740157,0.361363606249995,66.951704
1,note_on,44,G#2,0.5039370078740157,0.361363606249995,67.31534033333334
1,note_on,49,C#3,0.5039370078740157,0.3613636062500092,67.67897666666667
1,note_on,53,F3,0.5039370078740157,0.3613636062500092,68.042613
1,note_on,56,G#3,0.5039370078740157,0.3613636062500092,68.40624933333334
1,note_on,61,C#4,0.5039370078740157,0.3613636062500092,68.76988566666667
1,note_on,65,F4,0.5039370078740157,0.361363606249995,69.13352200000001
1,note_on,61,C#4,0.5039370078740157,0.361363606249995,69.49715833333335
1,note_on,56,G#3,0.5039370078740157,0.361363606249995,69.86079466666668
1,note_on,53,F3,0.5039370078740157,0.361363606249995,70.22443100000001
1,note_on,49,C#3,0.5039370078740157,0.361363606249995,70.58806733333334
1,note_on,44,G#2,0.5039370078740157,0.361363606249995,70.95170366666667
1,note_on,37,C#2,0.3858267716535433,0.361363606249995,71.31534
1,note_on,44,G#2,0.3858267716535433,0.3613636062500092,71.67897633333334
1,note_on,49,C#3,0.3858267716535433,0.3613636062500092,72.04261266666667
1,note_on,53,F3,0.3858267716535433,0.3613636062500092,72.406249
1,note_on,56,G#3,0.3858267716535433,0.3613636062500092,72.76988533333333
1,note_on,61,C#4,0.3858267716535433,0.3613636062500092,73.13352166666667
1,note_on,65,F4,0.3858267716535433,0.361363606249995,73.49715800000001
1,note_on,61,C#4,0.3858267716535433,0.361363606249995,73.86079433333335
1,note_on,56,G#3,0.3858267716535433,0.361363606249995,74.22443066666668
1,note_on,53,F3,0.3858267716535433,0.361363606249995,74.58806700000001
1,note_on,49,C#3,0.3858267716535433,0.361363606249995,74.95170333333334
1,note_on,44,G#2,0.3858267716535433,0.5796693020833317,75.31533966666667
1,note_on,37,C#2,0.3858267716535433,0.21603296874999955,75.678976
1,note_on,56,G#3,0.3858267716535433,0.21603296874999955,75.89636766666668
1,note_on,60,C4,0.3858267716535433,0.21603296874999955,76.11375933333333
1,note_on,63,D#4,0.3858267716535433,0.21603296874999955,76.331151
1,note_on,60,C4,0.3858267716535433,0.21603296874999955,76.54854266666668
1,note_on,56,G#3,0.3858267716535433,0.21603296874999955,76.76593433333333
1,note_on,49,C#3,0.3858267716535433,0.21603296874999955,76.983326
1,note_on,56,G#3,0.3858267716535433,0.21603296874999955,77.20071766666668
1,note_on,60,C4,0.3858267716535433,0.21603296874999955,77.41810933333333
1,note_on,66,F#4,0.3858267716535433,0.21603296874999955,77.635501
1,note_on,60,C4,0.3858267716535433,0.21603296874999955,77.85289266666668
1,note_on,56,G#3,0.3858267716535433,0.21603296874999955,78.07028433333333
1,note_on,49,C#3,0.5039370078740157,0.21603296874999955,78.287676
1,note_on,56,G#3,0.5039370078740157,0.21603296874999955,78.50506766666668
1,note_on,61,C#4,0.5039370078740157,0.21603296874999955,78.72245933333333
1,note_on,65,F4,0.5039370078740157,0.21603296874999955,78.939851
1,note_on,61,C#4,0.5039370078740157,0.21603296874999955,79.15724266666668
1,note_on,56,G#3,0.5039370078740157,0.21603296874999955,79.37463433333333
1,note_on,49,C#3,0.5039370078740157,0.21603296874999955,79.592026
1,note_on,56,G#3,0.5039370078740157,0.21603296874999955,79.80941766666668
1,note_on,65,F4,0.5039370078740157,0.21603296875001377,80.02680933333333
1,note_on,68,G#4,0.5039370078740157,0.21603296874999955,80.244201
1,note_on,65,F4,0.5039370078740157,0.21603296874999955,80.46159266666668
1,note_on,56,G#3,0.5039370078740157,0.21603296875001377,80.67898433333333
1,note_on,66,F#4,0.5039370078740157,0.21603296874999955,80.896376
1,note_on,63,D#4,0.5039370078740157,0.21603296874999955,81.11376766666667
1,note_on,56,G#3,0.5039370078740157,0.21603296875001377,81.33115933333333
1,note_on,65,F4,0.5039370078740157,0.21603296874999955,81.548551
1,note_on,61,C#4,0.5039370078740157,0.21603296874999955,81.76594266666667
1,note_on,56,G#3,0.5039370078740157,0.21603296875001377,81.98333433333333
1,note_on,63,D#4,0.5039370078740157,0.21603296874999955,82.200726
1,note_on,60,C4,0.5039370078740157,0.21603296874999955,82.41811766666667
1,note_on,56,G#3,0.5039370078740157,0.21603296874999955,82.63550933333335
1,note_on,61,C#4,0.3858267716535433,0.21603296874999955,82.852901
1,note_on,56,G#3,0.3858267716535433,0.21603296874999955,83.07029266666667
1,note_on,53,F3,0.3858267716535433,0.21603296874999955,83.28768433333335
1,note_on,44,G#2,0.3858267716535433,0.21603296874999955,83.505076
1,note_on,51,D#3,0.3858267716535433,0.21603296874999955,83.72246766666667
1,note_on,56,G#3,0.3858267716535433,0.21603296874999955,83.93985933333335
1,note_on,60,C4,0.3858267716535433,0.21603296874999955,84.157251
1,note_on,56,G#3,0.3858267716535433,0.21603296874999955,84.37464266666667
1,note_on,51,D#3,0.3858267716535433,0.21603296874999955,84.59203433333334
1,note_on,42,F#2,0.3858267716535433,0.21603296874999955,84.809426
1,note_on,54,F#3,0.3858267716535433,0.21603296874999955,85.02681766666667
1,note_on,58,A#3,0.3858267716535433,0.21603296874999955,85.24420933333334
1,note_on,61,C#4,0.3858267716535433,0.21603296874999955,85.461601
1,note_on,58,A#3,0.3858267716535433,0.21603296874999955,85.67899266666667
1,note_on,54,F#3,0.3858267716535433,0.21603296874999955,85.89638433333334
1,note_on,46,A#2,0.3858267716535433,0.21603296874999955,86.113776
1,note_on,53,F3,0.3858267716535433,0.21603296874999955,86.33116766666667
1,note_on,58,A#3,0.3858267716535433,0.21603296874999955,86.54855933333334
1,note_on,62,D4,0.3858267716535433,0.21603296874999955,86.765951
1,note_on,58,A#3,0.3858267716535433,0.21603296874999955,86.98334266666667
1,note_on,53,F3,0.3858267716535433,0.21603296874999955,87.20073433333334
1,note_on,46,A#2,0.3858267716535433,0.21603296874999955,87.418126
1,note_on,58,A#3,0.3858267716535433,0.21603296874999955,87.63551766666667
1,note_on,62,D4,0.3858267716535433,0.21603296874999955,87.85290933333334
1,note_on,68,G#4,0.5039370078740157,0.21603296874999955,88.070301
1,note_on,62,D4,0.5039370078740157,0.21603296874999955,88.28769266666667
1,note_on,58,A#3,0.5039370078740157,0.21603296874999955,88.50508433333334
1,note_on,51,D#3,0.5039370078740157,0.21603296874999955,88.722476
1,note_on,66,F#4,0.5039370078740157,0.21603296874999955,88.93986766666667
1,note_on,58,A#3,0.5039370078740157,0.21603296874999955,89.15725933333334
1,note_on,53,F3,0.5039370078740157,0.21603296874999955,89.374651
1,note_on,65,F4,0.5039370078740157,0.21603296874999955,89.59204266666667
1,note_on,57,A3,0.5039370078740157,0.21603296874999955,89.80943433333334
1,note_on,54,F#3,0.3858267716535433,0.21603296874999955,90.026826
1,note_on,63,D#4,0.3858267716535433,0.21603296874999955,90.24421766666667
1,note_on,58,A#3,0.3858267716535433,0.21603296874999955,90.46160933333334
1,note_on,56,G#3,0.3858267716535433,0.21603296874999955,90.679001
1,note_on,66,F#4,0.3858267716535433,0.21603296874999955,90.89639266666667
1,note_on,60,C4,0.3858267716535433,0.21603296874999955,91.11378433333334
1,note_on,49,C#3,0.3858267716535433,0.21603296874999955,91.331176
1,note_on,56,G#3,0.3858267716535433,0.21603296874999955,91.54856766666667
1,note_on,61,C#4,0.3858267716535433,0.21603296874999955,91.76595933333334
1,note_on,65,F4,0.3858267716535433,0.21603296874999955,91.983351
1,note_on,61,C#4,0.3858267716535433,0.21603296874999955,92.20074266666667
1,note_on,56,G#3,0.3858267716535433,0.21603296874999955,92.41813433333334
1,note_on,51,D#3,0.25984251968503935,0.21603296874999955,92.635526
1,note_on,55,G3,0.25984251968503935,0.21603296874999955,92.85291766666667
1,note_on,61,C#4,0.25984251968503935,0.21603296874999955,93.07030933333334
1,note_on,63,D#4,0.25984251968503935,0.21603296874999955,93.287701
1,note_on,61,C#4,0.25984251968503935,0.21603296874999955,93.50509266666667
1,note_on,55,G3,0.25984251968503935,0.21603296874999955,93.72248433333334
1,note_on,44,G#2,0.25984251968503935,0.21603296874999955,93.939876
1,note_on,51,D#3,0.25984251968503935,0.21603296874999955,94.15726766666667
1,note_on,56,G#3,0.25984251968503935,0.21603296874999955,94.37465933333334
1,note_on,60,C4,0.25984251968503935,0.21603296874999955,94.592051
1,note_on,56,G#3,0.25984251968503935,0.21603296874999955,94.80944266666667
1,note_on,51,D#3,0.25984251968503935,0.21603296874999955,95.02683433333334
1,note_on,44,G#2,0.25984251968503935,0.2685818062499976,95.244226
1,note_on,51,D#3,0.25984251968503935,0.2685818062500118,95.51449699999999
1,note_on,54,F#3,0.25984251968503935,0.2685818062499976,95.784768
1,note_on,58,A#3,0.25984251968503935,0.2685818062499976,96.055039
1,note_on,54,F#3,0.25984251968503935,0.2685818062499976,96.32531
1,note_on,51,D#3,0.25984251968503935,0.2685818062499976,96.595581
1,note_on,44,G#2,0.25984251968503935,0.21603296874999955,96.865852
1,note_on,51,D#3,0.25984251968503935,0.21603296874999955,97.08324366666668
1,note_on,56,G#3,0.25984251968503935,0.21603296874999955,97.30063533333333
1,note_on,60,C4,0.25984251968503935,0.21603296874999955,97.518027
1,note_on,56,G#3,0.25984251968503935,0.21603296874999955,97.73541866666667
1,note_on,51,D#3,0.25984251968503935,0.21603296874999955,97.95281033333333
1,note_on,44,G#2,0.25984251968503935,0.21603296874999955,98.170202
1,note_on,56,G#3,0.3858267716535433,0.21603296874999955,98.38759366666667
1,note_on,60,C4,0.3858267716535433,0.21603296874999955,98.60498533333333
1,note_on,66,F#4,0.3858267716535433,0.21603296874999955,98.822377
1,note_on,60,C4,0.3858267716535433,0.21603296874999955,99.03976866666667
1,note_on,56,G#3,0.3858267716535433,0.21603296874999955,99.25716033333333
1,note_on,49,C#3,0.3858267716535433,0.21603296874999955,99.474552
1,note_on,56,G#3,0.3858267716535433,0.21603296874999955,99.69194366666667
1,note_on,61,C#4,0.3858267716535433,0.21603296874999955,99.90933533333333
1,note_on,65,F4,0.5039370078740157,0.21603296874999955,100.126727
1,note_on,61,C#4,0.5039370078740157,0.21603296874999955,100.34411866666667
1,note_on,56,G#3,0.5039370078740157,0.21603296874999955,100.56151033333333
1,note_on,49,C#3,0.5039370078740157,0.21603296874999955,100.778902
1,note_on,56,G#3,0.5039370078740157,0.21603296874999955,100.99629366666667
1,note_on,65,F4,0.5039370078740157,0.21603296874999955,101.21368533333333
1,note_on,68,G#4,0.5039370078740157,0.21603296874999955,101.431077
1,note_on,65,F4,0.5039370078740157,0.21603296874999955,101.64846866666667
1,note_on,56,G#3,0.5039370078740157,0.21603296874999955,101.86586033333333
1,note_on,66,F#4,0.5039370078740157,0.21603296874999955,102.083252
1,note_on,63,D#4,0.5039370078740157,0.21603296874999955,102.30064366666667
1,note_on,56,G#3,0.5039370078740157,0.21603296874999955,102.51803533333333
1,note_on,65,F4,0.5039370078740157,0.21603296874999955,102.735427
1,note_on,61,C#4,0.5039370078740157,0.21603296874999955,102.95281866666667
1,note_on,56,G#3,0.5039370078740157,0.21603296874999955,103.17021033333333
1,note_on,63,D#4,0.5039370078740157,0.21603296874999955,103.387602
1,note_on,60,C4,0.5039370078740157,0.21603296874999955,103.60499366666667
1,note_on,56,G#3,0.5039370078740157,0.21603296875001377,103.82238533333333
1,note_on,61,C#4,0.5039370078740157,0.21603296874999955,104.039777
1,note_on,56,G#3,0.5039370078740157,0.21603296874999955,104.25716866666667
1,note_on,53,F3,0.5039370078740157,0.21603296875001377,104.47456033333333
1,note_on,44,G#2,0.5039370078740157,0.21603296874999955,104.691952
1,note_on,51,D#3,0.5039370078740157,0.21603296874999955,104.90934366666667
1,note_on,56,G#3,0.5039370078740157,0.21603296875001377,105.12673533333333
1,note_on,60,C4,0.5039370078740157,0.21603296874999955,105.344127
1,note_on,56,G#3,0.5039370078740157,0.21603296874999955,105.56151866666667
1,note_on,51,D#3,0.5039370078740157,0.21603296875001377,105.77891033333333
1,note_on,42,F#2,0.5039370078740157,0.21603296874999955,105.996302
1,note_on,54,F#3,0.5039370078740157,0.21603296874999955,106.21369366666667
1,note_on,58,A#3,0.5039370078740157,0.21603296875001377,106.43108533333333
1,note_on,61,C#4,0.5039370078740157,0.21603296874999955,106.648477
1,note_on,58,A#3,0.5039370078740157,0.21603296874999955,106.86586866666667
1,note_on,54,F#3,0.5039370078740157,0.21603296875001377,107.08326033333333
1,note_on,46,A#2,0.5039370078740157,0.21603296874999955,107.300652
1,note_on,53,F3,0.5039370078740157,0.21603296874999955,107.51804366666667
1,note_on,58,A#3,0.5039370078740157,0.21603296874998534,107.73543533333334
1,note_on,62,D4,0.5039370078740157,0.21603296874999955,107.952827
1,note_on,58,A#3,0.5039370078740157,0.21603296874999955,108.17021866666667
1,note_on,53,F3,0.5039370078740157,0.21603296874999955,108.38761033333334
1,note_on,46,A#2,0.5039370078740157,0.21603296874999955,108.605002
1,note_on,58,A#3,0.5039370078740157,0.21603296874999955,108.82239366666667
1,note_on,62,D4,0.5039370078740157,0.21603296874999955,109.03978533333334
1,note_on,68,G#4,0.6299212598425197,0.21603296874999955,109.257177
1,note_on,62,D4,0.6299212598425197,0.21603296874999955,109.47456866666667
1,note_on,58,A#3,0.6299212598425197,0.21603296874999955,109.69196033333334
1,note_on,51,D#3,0.6299212598425197,0.21603296874999955,109.909352
1,note_on,66,F#4,0.6299212598425197,0.21603296874999955,110.12674366666667
1,note_on,58,A#3,0.6299212598425197,0.21603296874999955,110.34413533333334
1,note_on,53,F3,0.6299212598425197,0.21603296874999955,110.561527
1,note_on,65,F4,0.6299212598425197,0.21603296874999955,110.77891866666667
1,note_on,57,A3,0.6299212598425197,0.21603296874999955,110.99631033333334
1,note_on,54,F#3,0.5039370078740157,0.21603296874999955,111.213702
1,note_on,63,D#4,0.5039370078740157,0.21603296874999955,111.43109366666667
1,note_on,58,A#3,0.5039370078740157,0.21603296874999955,111.64848533333334
1,note_on,56,G#3,0.5039370078740157,0.21603296874999955,111.865877
1,note_on,66,F#4,0.5039370078740157,0.21603296874999955,112.08326866666667
1,note_on,60,C4,0.5039370078740157,0.21603296874999955,112.30066033333334
1,note_on,49,C#3,0.5039370078740157,0.21603296875001377,112.518052
1,note_on,56,G#3,0.5039370078740157,0.21603296874999955,112.73544366666667
1,note_on,61,C#4,0.5039370078740157,0.21603296874999955,112.95283533333334
1,note_on,65,F4,0.5039370078740157,0.21603296874999955,113.17022700000001
1,note_on,61,C#4,0.5039370078740157,0.21603296874999955,113.38761866666667
1,note_on,56,G#3,0.5039370078740157,0.21603296874999955,113.60501033333334
1,note_on,51,D#3,0.6299212598425197,0.21603296874999955,113.82240200000001
1,note_on,56,G#3,0.6299212598425197,0.21603296874999955,114.03979366666667
1,note_on,60,C4,0.6299212598425197,0.21603296874999955,114.25718533333334
1,note_on,66,F#4,0.6299212598425197,0.21603296874999955,114.47457700000001
1,note_on,60,C4,0.6299212598425197,0.21603296874999955,114.69196866666667
1,note_on,56,G#3,0.5039370078740157,0.21603296874999955,114.90936033333334
1,note_on,49,C#3,0.5039370078740157,0.21603296874999955,115.12675200000001
1,note_on,56,G#3,0.5039370078740157,0.21603296874999955,115.34414366666667
1,note_on,60,C4,0.5039370078740157,0.21603296874999955,115.56153533333334
1,note_on,66,F#4,0.5039370078740157,0.21603296874999955,115.77892700000001
1,note_on,60,C4,0.5039370078740157,0.21603296874999955,115.99631866666667
1,note_on,56,G#3,0.5039370078740157,0.21603296874999955,116.21371033333334
1,note_on,49,C#3,0.5039370078740157,0.21603296874999955,116.43110200000001
1,note_on,56,G#3,0.5039370078740157,0.21603296874999955,116.64849366666667
1,note_on,61,C#4,0.5039370078740157,0.21603296874999955,116.86588533333334
1,note_on,65,F4,0.5039370078740157,0.21603296874999955,117.08327700000001
1,note_on,61,C#4,0.5039370078740157,0.21603296874999955,117.30066866666667
1,note_on,56,G#3,0.5039370078740157,0.21603296874999955,117.51806033333334
1,note_on,44,G#2,0.9921259842519685,0.21603296874999955,117.73545200000001
1,note_on,51,D#3,0.6299212598425197,0.21603296874999955,117.95284366666667
1,note_on,56,G#3,0.6299212598425197,0.21603296874999955,118.17023533333334
1,note_on,60,C4,0.6299212598425197,0.21603296874999955,118.38762700000001
1,note_on,56,G#3,0.6299212598425197,0.21603296874999955,118.60501866666667
1,note_on,51,D#3,0.6299212598425197,0.21603296874999955,118.82241033333334
1,note_on,44,G#2,0.6299212598425197,0.21603296874999955,119.03980200000001
1,note_on,51,D#3,0.6299212598425197,0.21603296874999955,119.25719366666667
1,note_on,55,G3,0.6299212598425197,0.21603296874999955,119.47458533333334
1,note_on,61,C#4,0.6299212598425197,0.21603296874999955,119.69197700000001
1,note_on,55,G3,0.6299212598425197,0.21603296874999955,119.90936866666667
1,note_on,51,D#3,0.6299212598425197,0.21603296874999955,120.12676033333334
1,note_on,44,G#2,0.7559055118110236,0.21603296874999955,120.34415200000001
1,note_on,51,D#3,0.7559055118110236,0.21603296874999955,120.56154366666667
1,note_on,56,G#3,0.7559055118110236,0.21603296874999955,120.77893533333334
1,note_on,60,C4,0.9921259842519685,0.21603296874999955,120.99632700000001
1,note_on,56,G#3,0.7559055118110236,0.21603296874999955,121.21371866666667
1,note_on,51,D#3,0.7559055118110236,0.21603296874999955,121.43111033333334
1,note_on,49,C#3,0.7559055118110236,0.21603296874999955,121.64850200000001
1,note_on,56,G#3,0.7559055118110236,0.21603296874999955,121.86589366666666
1,note_on,61,C#4,0.7559055118110236,0.21603296874999955,122.08328533333334
1,note_on,64,E4,0.7559055118110236,0.21603296874999955,122.30067700000001
1,note_on,61,C#4,0.7559055118110236,0.21603296874999955,122.51806866666666
1,note_on,56,G#3,0.6299212598425197,0.21603296874999955,122.73546033333334
1,note_on,39,D#2,0.6299212598425197,0.21603296874999955,122.95285200000001
1,note_on,51,D#3,0.6299212598425197,0.21603296874999955,123.17024366666666
1,note_on,56,G#3,0.6299212598425197,0.21603296874999955,123.38763533333334
1,note_on,60,C4,0.6299212598425197,0.21603296874999955,123.605027
1,note_on,56,G#3,0.6299212598425197,0.21603296874999955,123.82241866666666
1,note_on,51,D#3,0.6299212598425197,0.21603296874999955,124.03981033333334
1,note_on,39,D#2,0.6299212598425197,0.21603296874999955,124.257202
1,note_on,51,D#3,0.6299212598425197,0.21603296874999955,124.47459366666666
1,note_on,55,G3,0.6299212598425197,0.21603296874999955,124.69198533333334
1,note_on,61,C#4,0.7559055118110236,0.21603296874999955,124.909377
1,note_on,55,G3,0.7559055118110236,0.21603296874999955,125.12676866666666
1,note_on,51,D#3,0.7559055118110236,0.21603296874999955,125.34416033333333
1,note_on,44,G#2,0.7559055118110236,0.21603296874999955,125.561552
1,note_on,51,D#3,0.7559055118110236,0.21603296874999955,125.77894366666666
1,note_on,56,G#3,0.7559055118110236,0.21603296874999955,125.99633533333333
1,note_on,60,C4,0.7559055118110236,0.21603296874999955,126.213727
1,note_on,56,G#3,0.7559055118110236,0.21603296874999955,126.43111866666666
1,note_on,51,D#3,0.7559055118110236,0.21603296874999955,126.64851033333333
1,note_on,42,F#2,0.25984251968503935,0.21603296874999955,126.865902
1,note_on,54,F#3,0.25984251968503935,0.21603296874999955,127.08329366666666
1,note_on,58,A#3,0.25984251968503935,0.21603296874999955,127.30068533333333
1,note_on,61,C#4,0.25984251968503935,0.21603296874999955,127.518077
1,note_on,58,A#3,0.25984251968503935,0.21603296874999955,127.73546866666666
1,note_on,54,F#3,0.25984251968503935,0.21603296875001377,127.95286033333333
1,note_on,44,G#2,0.25984251968503935,0.21603296874999955,128.170252
1,note_on,56,G#3,0.25984251968503935,0.21603296874999955,128.38764366666666
1,note_on,60,C4,0.25984251968503935,0.21603296875002798,128.60503533333332
1,note_on,63,D#4,0.25984251968503935,0.21603296874999955,128.822427
1,note_on,60,C4,0.25984251968503935,0.21603296874999955,129.03981866666666
1,note_on,56,G#3,0.25984251968503935,0.21603296875002798,129.25721033333332
1,note_on,51,D#3,0.25984251968503935,0.21603296874999955,129.474602
1,note_on,56,G#3,0.25984251968503935,0.21603296874999955,129.69199366666666
1,note_on,60,C4,0.3858267716535433,0.21603296875002798,129.90938533333332
1,note_on,66,F#4,0.3858267716535433,0.21603296874999955,130.126777
1,note_on,60,C4,0.3858267716535433,0.21603296874999955,130.34416866666666
1,note_on,56,G#3,0.3858267716535433,0.21603296875002798,130.56156033333332
1,note_on,49,C#3,0.5039370078740157,0.21603296874999955,130.778952
1,note_on,56,G#3,0.5039370078740157,0.21603296874999955,130.99634366666666
1,note_on,61,C#4,0.5039370078740157,0.21603296875002798,131.21373533333332
1,note_on,65,F4,0.5039370078740157,0.21603296874999955,131.431127
1,note_on,61,C#4,0.5039370078740157,0.21603296874999955,131.64851866666666
1,note_on,56,G#3,0.5039370078740157,0.21603296875002798,131.86591033333332
1,note_on,49,C#3,0.5039370078740157,0.21603296874999955,132.083302
1,note_on,56,G#3,0.5039370078740157,0.21603296874999955,132.30069366666666
1,note_on,65,F4,0.5039370078740157,0.21603296875002798,132.51808533333332
1,note_on,68,G#4,0.5039370078740157,0.21603296874999955,132.735477
1,note_on,65,F4,0.5039370078740157,0.21603296874999955,132.95286866666666
1,note_on,56,G#3,0.5039370078740157,0.21603296875002798,133.17026033333332
1,note_on,66,F#4,0.5039370078740157,0.21603296874999955,133.387652
1,note_on,63,D#4,0.5039370078740157,0.21603296874999955,133.60504366666666
1,note_on,56,G#3,0.5039370078740157,0.21603296875002798,133.82243533333332
1,note_on,65,F4,0.5039370078740157,0.21603296874999955,134.039827
1,note_on,61,C#4,0.5039370078740157,0.21603296874999955,134.25721866666666
1,note_on,56,G#3,0.5039370078740157,0.21603296875002798,134.47461033333332
1,note_on,63,D#4,0.5039370078740157,0.21603296874999955,134.692002
1,note_on,60,C4,0.5039370078740157,0.21603296874999955,134.90939366666666
1,note_on,56,G#3,0.5039370078740157,0.21603296875002798,135.12678533333332
1,note_on,61,C#4,0.5039370078740157,0.21603296874999955,135.344177
1,note_on,56,G#3,0.5039370078740157,0.21603296874999955,135.56156866666666
1,note_on,53,F3,0.3858267716535433,0.21603296875002798,135.77896033333332
1,note_on,44,G#2,0.3858267716535433,0.21603296874999955,135.996352
1,note_on,51,D#3,0.3858267716535433,0.21603296874999955,136.21374366666666
1,note_on,56,G#3,0.3858267716535433,0.21603296875002798,136.43113533333332
1,note_on,60,C4,0.3858267716535433,0.21603296874999955,136.648527
1,note_on,56,G#3,0.3858267716535433,0.21603296874999955,136.86591866666666
1,note_on,51,D#3,0.3858267716535433,0.21603296875002798,137.08331033333332
1,note_on,42,F#2,0.3858267716535433,0.21603296874999955,137.300702
1,note_on,54,F#3,0.3858267716535433,0.21603296874999955,137.51809366666666
1,note_on,58,A#3,0.3858267716535433,0.21603296875002798,137.73548533333332
1,note_on,61,C#4,0.3858267716535433,0.21603296874999955,137.952877
1,note_on,58,A#3,0.3858267716535433,0.21603296874997113,138.1702686666667
1,note_on,54,F#3,0.3858267716535433,0.21603296875002798,138.38766033333332
1,note_on,46,A#2,0.3858267716535433,0.21603296874999955,138.605052
1,note_on,53,F3,0.3858267716535433,0.21603296874999955,138.82244366666666
1,note_on,58,A#3,0.3858267716535433,0.21603296874999955,139.03983533333334
1,note_on,62,D4,0.3858267716535433,0.21603296874999955,139.257227
1,note_on,58,A#3,0.3858267716535433,0.21603296874999955,139.47461866666666
1,note_on,53,F3,0.3858267716535433,0.21603296874999955,139.69201033333334
1,note_on,46,A#2,0.3858267716535433,0.21603296874999955,139.909402
1,note_on,58,A#3,0.3858267716535433,0.21603296874999955,140.12679366666666
1,note_on,62,D4,0.5039370078740157,0.21603296874999955,140.34418533333334
1,note_on,68,G#4,0.5039370078740157,0.21603296874999955,140.561577
1,note_on,62,D4,0.5039370078740157,0.21603296874999955,140.77896866666666
1,note_on,58,A#3,0.5039370078740157,0.21603296874999955,140.99636033333334
1,note_on,51,D#3,0.5039370078740157,0.21603296874999955,141.213752
1,note_on,66,F#4,0.5039370078740157,0.21603296874999955,141.43114366666666
1,note_on,58,A#3,0.5039370078740157,0.21603296874999955,141.64853533333334
1,note_on,53,F3,0.5039370078740157,0.21603296874999955,141.865927
1,note_on,65,F4,0.5039370078740157,0.21603296874999955,142.08331866666666
1,note_on,57,A3,0.5039370078740157,0.21603296874999955,142.30071033333334
1,note_on,54,F#3,0.5039370078740157,0.21603296874999955,142.518102
1,note_on,63,D#4,0.5039370078740157,0.21603296874999955,142.73549366666666
1,note_on,58,A#3,0.5039370078740157,0.21603296874999955,142.95288533333334
1,note_on,56,G#3,0.5039370078740157,0.21603296874999955,143.170277
1,note_on,66,F#4,0.5039370078740157,0.21603296874999955,143.38766866666666
1,note_on,60,C4,0.5039370078740157,0.21603296874999955,143.60506033333334
1,note_on,49,C#3,0.3858267716535433,0.21603296874999955,143.822452
1,note_on,56,G#3,0.3858267716535433,0.21603296874999955,144.03984366666666
1,note_on,61,C#4,0.3858267716535433,0.21603296874999955,144.25723533333334
1,note_on,65,F4,0.3858267716535433,0.21603296874999955,144.474627
1,note_on,61,C#4,0.3858267716535433,0.21603296874999955,144.69201866666666
1,note_on,56,G#3,0.3858267716535433,0.21603296874999955,144.90941033333334
1,note_on,49,C#3,0.3858267716535433,0.21603296874999955,145.126802
1,note_on,56,G#3,0.3858267716535433,0.21603296874999955,145.34419366666665
1,note_on,60,C4,0.3858267716535433,0.21603296874999955,145.56158533333334
1,note_on,66,F#4,0.3858267716535433,0.21603296874999955,145.778977
1,note_on,60,C4,0.3858267716535433,0.21603296874999955,145.99636866666665
1,note_on,56,G#3,0.3858267716535433,0.21603296874999955,146.21376033333334
1,note_on,49,C#3,0.3858267716535433,0.21603296874999955,146.431152
1,note_on,56,G#3,0.3858267716535433,0.21603296874999955,146.64854366666665
1,note_on,60,C4,0.3858267716535433,0.21603296874999955,146.86593533333334
1,note_on,66,F#4,0.3858267716535433,0.21603296874999955,147.083327
1,note_on,60,C4,0.3858267716535433,0.21603296874999955,147.30071866666665
1,note_on,56,G#3,0.3858267716535433,0.21603296874999955,147.51811033333334
1,note_on,49,C#3,0.6299212598425197,0.21603296874999955,147.735502
1,note_on,56,G#3,0.6299212598425197,0.21603296874999955,147.95289366666665
1,note_on,61,C#4,0.6299212598425197,0.21603296874999955,148.17028533333334
1,note_on,65,F4,0.6299212598425197,0.21603296874999955,148.387677
1,note_on,61,C#4,0.6299212598425197,0.21603296874999955,148.60506866666665
1,note_on,56,G#3,0.7559055118110236,0.21603296874999955,148.82246033333334
1,note_on,44,G#2,0.8818897637795275,0.21603296874999955,149.039852
1,note_on,51,D#3,0.6299212598425197,0.21603296875002798,149.25724366666665
1,note_on,56,G#3,0.6299212598425197,0.21603296874999955,149.47463533333334
1,note_on,60,C4,0.6299212598425197,0.21603296874999955,149.692027
1,note_on,56,G#3,0.6299212598425197,0.21603296875002798,149.90941866666665
1,note_on,51,D#3,0.6299212598425197,0.21603296874999955,150.12681033333334
1,note_on,44,G#2,0.6299212598425197,0.21603296874999955,150.344202
1,note_on,51,D#3,0.6299212598425197,0.21603296875002798,150.56159366666665
1,note_on,55,G3,0.6299212598425197,0.21603296874999955,150.77898533333334
1,note_on,61,C#4,0.6299212598425197,0.21603296874999955,150.996377
1,note_on,55,G3,0.6299212598425197,0.21603296874999955,151.21376866666668
1,note_on,51,D#3,0.6299212598425197,0.21603296874999955,151.43116033333334
1,note_on,44,G#2,0.7559055118110236,0.21603296874999955,151.648552
1,note_on,51,D#3,0.7559055118110236,0.21603296874999955,151.86594366666668
1,note_on,56,G#3,0.7559055118110236,0.21603296874999955,152.08333533333334
1,note_on,60,C4,0.7559055118110236,0.21603296874999955,152.300727
1,note_on,56,G#3,0.6299212598425197,0.21603296874999955,152.51811866666668
1,note_on,51,D#3,0.6299212598425197,0.21603296874999955,152.73551033333334
1,note_on,49,C#3,0.6299212598425197,0.21603296874999955,152.952902
1,note_on,56,G#3,0.6299212598425197,0.21603296874999955,153.17029366666668
1,note_on,61,C#4,0.6299212598425197,0.21603296874999955,153.38768533333334
1,note_on,64,E4,0.5039370078740157,0.21603296874999955,153.605077
1,note_on,61,C#4,0.5039370078740157,0.21603296874999955,153.82246866666668
1,note_on,56,G#3,0.5039370078740157,0.21603296874999955,154.03986033333334
1,note_on,39,D#2,0.3858267716535433,0.21603296874999955,154.257252
1,note_on,51,D#3,0.3858267716535433,0.21603296874999955,154.47464366666668
1,note_on,56,G#3,0.3858267716535433,0.21603296874999955,154.69203533333334
1,note_on,60,C4,0.3858267716535433,0.21603296874999955,154.909427
1,note_on,56,G#3,0.3858267716535433,0.21603296874999955,155.12681866666668
1,note_on,51,D#3,0.3858267716535433,0.21603296874999955,155.34421033333334
1,note_on,39,D#2,0.3858267716535433,0.21603296874999955,155.561602
1,note_on,51,D#3,0.3858267716535433,0.21603296874999955,155.77899366666668
1,note_on,55,G3,0.3858267716535433,0.21603296874999955,155.99638533333334
1,note_on,61,C#4,0.3858267716535433,0.21603296874999955,156.213777
1,note_on,55,G3,0.3858267716535433,0.21603296874999955,156.43116866666668
1,note_on,51,D#3,0.3858267716535433,0.21603296874999955,156.64856033333334
1,note_on,44,G#2,0.5039370078740157,0.21603296874999955,156.865952
1,note_on,51,D#3,0.5039370078740157,0.21603296874999955,157.08334366666668
1,note_on,56,G#3,0.5039370078740157,0.21603296874999955,157.30073533333334
1,note_on,60,C4,0.5039370078740157,0.21603296874999955,157.518127
1,note_on,56,G#3,0.5039370078740157,0.21603296874999955,157.73551866666668
1,note_on,51,D#3,0.5039370078740157,0.21603296874999955,157.95291033333334
1,note_on,42,F#2,0.25984251968503935,0.21603296874999955,158.170302
1,note_on,54,F#3,0.25984251968503935,0.21603296874999955,158.38769366666668
1,note_on,58,A#3,0.25984251968503935,0.21603296874999955,158.60508533333334
1,note_on,61,C#4,0.25984251968503935,0.21603296874999955,158.822477
1,note_on,58,A#3,0.25984251968503935,0.21603296874999955,159.03986866666668
1,note_on,54,F#3,0.25984251968503935,0.21603296874999955,159.25726033333333
1,note_on,44,G#2,0.25984251968503935,0.21603296874999955,159.474652
1,note_on,51,D#3,0.25984251968503935,0.21603296874999955,159.69204366666668
1,note_on,56,G#3,0.25984251968503935,0.21603296874999955,159.90943533333333
1,note_on,60,C4,0.25984251968503935,0.21603296874999955,160.126827
1,note_on,56,G#3,0.25984251968503935,0.21603296874999955,160.34421866666668
1,note_on,51,D#3,0.25984251968503935,0.21603296874999955,160.56161033333333
1,note_on,44,G#2,0.25984251968503935,0.21603296874999955,160.779002
1,note_on,56,G#3,0.25984251968503935,0.21603296874999955,160.99639366666668
1,note_on,60,C4,0.5039370078740157,0.21603296874999955,161.21378533333333
1,note_on,66,F#4,0.5039370078740157,0.21603296874999955,161.431177
1,note_on,60,C4,0.5039370078740157,0.21603296874999955,161.64856866666668
1,note_on,56,G#3,0.5039370078740157,0.21603296874999955,161.86596033333333
1,note_on,49,C#3,0.6299212598425197,0.21603296874999955,162.083352
1,note_on,56,G#3,0.6299212598425197,0.21603296874999955,162.30074366666668
1,note_on,61,C#4,0.6299212598425197,0.21603296874999955,162.51813533333333
1,note_on,65,F4,0.6299212598425197,0.21603296874999955,162.735527
1,note_on,61,C#4,0.6299212598425197,0.21603296874999955,162.95291866666668
1,note_on,56,G#3,0.6299212598425197,0.21603296874999955,163.17031033333333
1,note_on,49,C#3,0.6299212598425197,0.21603296874999955,163.387702
1,note_on,56,G#3,0.6299212598425197,0.21603296874999955,163.60509366666668
1,note_on,65,F4,0.6299212598425197,0.21603296874999955,163.82248533333333
1,note_on,68,G#4,0.6299212598425197,0.21603296875002798,164.039877
1,note_on,65,F4,0.6299212598425197,0.21603296874999955,164.25726866666668
1,note_on,56,G#3,0.6299212598425197,0.21603296874999955,164.47466033333333
1,note_on,66,F#4,0.6299212598425197,0.21603296875002798,164.692052
1,note_on,63,D#4,0.6299212598425197,0.21603296874999955,164.90944366666668
1,note_on,56,G#3,0.6299212598425197,0.21603296874999955,165.12683533333333
1,note_on,65,F4,0.6299212598425197,0.21603296875002798,165.344227
1,note_on,61,C#4,0.6299212598425197,0.21603296874999955,165.56161866666667
1,note_on,56,G#3,0.6299212598425197,0.21603296874999955,165.77901033333333
1,note_on,63,D#4,0.6299212598425197,0.21603296875002798,165.996402
1,note_on,60,C4,0.6299212598425197,0.21603296874999955,166.21379366666667
1,note_on,56,G#3,0.6299212598425197,0.21603296874999955,166.43118533333333
1,note_on,61,C#4,0.6299212598425197,0.21603296875002798,166.648577
1,note_on,56,G#3,0.6299212598425197,0.21603296874999955,166.86596866666667
1,note_on,53,F3,0.5039370078740157,0.21603296874999955,167.08336033333333
1,note_on,44,G#2,0.5039370078740157,0.21603296875002798,167.300752
1,note_on,51,D#3,0.5039370078740157,0.21603296874999955,167.51814366666667
1,note_on,56,G#3,0.5039370078740157,0.21603296874999955,167.73553533333333
1,note_on,60,C4,0.5039370078740157,0.21603296875002798,167.952927
1,note_on,56,G#3,0.5039370078740157,0.21603296874999955,168.17031866666667
1,note_on,51,D#3,0.5039370078740157,0.21603296874999955,168.38771033333333
1,note_on,42,F#2,0.5039370078740157,0.21603296875002798,168.605102
1,note_on,54,F#3,0.5039370078740157,0.21603296874999955,168.82249366666667
1,note_on,58,A#3,0.5039370078740157,0.21603296874999955,169.03988533333333
1,note_on,61,C#4,0.5039370078740157,0.21603296875002798,169.257277
1,note_on,58,A#3,0.5039370078740157,0.21603296874999955,169.47466866666667
1,note_on,54,F#3,0.5039370078740157,0.21603296874999955,169.69206033333333
1,note_on,46,A#2,0.5039370078740157,0.21603296875002798,169.909452
1,note_on,53,F3,0.5039370078740157,0.21603296874999955,170.12684366666667
1,note_on,58,A#3,0.5039370078740157,0.21603296874999955,170.34423533333333
1,note_on,62,D4,0.5039370078740157,0.21603296875002798,170.561627
1,note_on,58,A#3,0.5039370078740157,0.21603296874999955,170.77901866666667
1,note_on,53,F3,0.5039370078740157,0.21603296874999955,170.99641033333333
1,note_on,46,A#2,0.5039370078740157,0.21603296875002798,171.213802
1,note_on,58,A#3,0.5039370078740157,0.21603296874999955,171.43119366666667
1,note_on,62,D4,0.5039370078740157,0.21603296874999955,171.64858533333333
1,note_on,68,G#4,0.5039370078740157,0.21603296875002798,171.865977
1,note_on,62,D4,0.5039370078740157,0.21603296874999955,172.08336866666667
1,note_on,58,A#3,0.5039370078740157,0.21603296874999955,172.30076033333333
1,note_on,51,D#3,0.3858267716535433,0.21603296875002798,172.518152
1,note_on,66,F#4,0.3858267716535433,0.21603296874999955,172.73554366666667
1,note_on,58,A#3,0.3858267716535433,0.21603296874999955,172.95293533333333
1,note_on,53,F3,0.3858267716535433,0.21603296875002798,173.170327
1,note_on,65,F4,0.3858267716535433,0.21603296874999955,173.38771866666667
1,note_on,57,A3,0.3858267716535433,0.21603296874999955,173.60511033333333
1,note_on,54,F#3,0.3858267716535433,0.21603296875002798,173.822502
1,note_on,63,D#4,0.3858267716535433,0.21603296874999955,174.03989366666667
1,note_on,58,A#3,0.3858267716535433,0.21603296874999955,174.25728533333333
1,note_on,56,G#3,0.3858267716535433,0.21603296875002798,174.47467699999999
1,note_on,66,F#4,0.3858267716535433,0.21603296874999955,174.69206866666667
1,note_on,60,C4,0.3858267716535433,0.21603296874999955,174.90946033333333
1,note_on,49,C#3,0.3858267716535433,0.21603296875002798,175.12685199999999
1,note_on,56,G#3,0.3858267716535433,0.21603296874999955,175.34424366666667
1,note_on,61,C#4,0.3858267716535433,0.21603296874999955,175.56163533333333
1,note_on,65,F4,0.3858267716535433,0.21603296875002798,175.77902699999999
1,note_on,61,C#4,0.3858267716535433,0.21603296874999955,175.99641866666667
1,note_on,56,G#3,0.3858267716535433,0.21603296874999955,176.21381033333333
1,note_on,51,D#3,0.3858267716535433,0.21603296875002798,176.43120199999998
1,note_on,56,G#3,0.3858267716535433,0.21603296874999955,176.64859366666667
1,note_on,60,C4,0.3858267716535433,0.21603296874999955,176.86598533333333
1,note_on,66,F#4,0.3858267716535433,0.21603296875002798,177.08337699999998
1,note_on,60,C4,0.3858267716535433,0.21603296874999955,177.30076866666667
1,note_on,56,G#3,0.3858267716535433,0.21603296874999955,177.51816033333333
1,note_on,49,C#3,0.3858267716535433,0.2685818062500118,177.73555199999998
1,note_on,56,G#3,0.3858267716535433,0.2685818062499834,178.005823
1,note_on,60,C4,0.3858267716535433,0.2685818062500118,178.27609399999997
1,note_on,66,F#4,0.3858267716535433,0.2685818062500118,178.54636499999998
1,note_on,60,C4,0.3858267716535433,0.2685818062499834,178.816636
1,note_on,56,G#3,0.3858267716535433,0.2685818062499834,179.086907
1,note_on,49,C#3,0.3858267716535433,0.2685818062500118,179.35717799999998
1,note_on,56,G#3,0.3858267716535433,0.2685818062500118,179.62744899999998
1,note_on,60,C4,0.3858267716535433,0.2685818062499834,179.89772
1,note_on,66,F#4,0.3858267716535433,0.2685818062500118,180.16799099999997
1,note_on,60,C4,0.3858267716535433,0.2685818062500118,180.43826199999998
1,note_on,56,G#3,0.3858267716535433,0.2685818062499834,180.708533
1,note_on,49,C#3,0.3858267716535433,0.2685818062499834,180.978804
1,note_on,56,G#3,0.3858267716535433,0.2685818062500118,181.24907499999998
1,note_on,61,C#4,0.3858267716535433,0.2685818062500118,181.51934599999998
1,note_on,64,E4,0.3858267716535433,0.2685818062499834,181.789617
1,note_on,61,C#4,0.3858267716535433,0.2685818062500118,182.05988799999997
1,note_on,56,G#3,0.3858267716535433,0.2685818062500118,182.33015899999998
1,note_on,52,E3,0.3858267716535433,0.2685818062499834,182.60043
1,note_on,56,G#3,0.3858267716535433,0.2685818062499834,182.870701
1,note_on,61,C#4,0.3858267716535433,0.2685818062500118,183.14097199999998
1,note_on,64,E4,0.3858267716535433,0.2685818062500118,183.41124299999998
1,note_on,61,C#4,0.3858267716535433,0.2685818062499834,183.681514
1,note_on,56,G#3,0.3858267716535433,0.2685818062500118,183.95178499999997
1,note_on,49,C#3,0.3858267716535433,0.2685818062500118,184.22205599999998
1,note_on,56,G#3,0.3858267716535433,0.2685818062499834,184.492327
1,note_on,61,C#4,0.3858267716535433,0.2685818062499834,184.762598
1,note_on,64,E4,0.3858267716535433,0.2685818062500118,185.03286899999998
1,note_on,61,C#4,0.3858267716535433,0.2685818062500118,185.30313999999998
1,note_on,56,G#3,0.3858267716535433,0.2685818062499834,185.573411
1,note_on,52,E3,0.3858267716535433,0.2685818062500118,185.84368199999997
1,note_on,56,G#3,0.3858267716535433,0.2685818062500118,186.11395299999998
1,note_on,61,C#4,0.3858267716535433,0.2685818062499834,186.384224
1,note_on,64,E4,0.3858267716535433,0.2685818062499834,186.654495
1,note_on,61,C#4,0.3858267716535433,0.2685818062500118,186.92476599999998
1,note_on,56,G#3,0.3858267716535433,0.2685818062500118,187.19503699999999
1,note_on,51,D#3,0.3858267716535433,0.2685818062499834,187.465308
1,note_on,57,A3,0.5039370078740157,0.2685818062500118,187.73557899999997
1,note_on,61,C#4,0.5039370078740157,0.2685818062500118,188.00584999999998
1,note_on,66,F#4,0.6299212598425197,0.2685818062499834,188.276121
1,note_on,61,C#4,0.6299212598425197,0.2685818062499834,188.546392
1,note_on,57,A3,0.6299212598425197,0.2685818062500118,188.81666299999998
1,note_on,54,F#3,0.7559055118110236,0.2685818062500118,189.08693399999999
1,note_on,61,C#4,0.7559055118110236,0.2685818062499834,189.357205
1,note_on,63,D#4,0.7559055118110236,0.2685818062500118,189.62747599999997
1,note_on,69,A4,0.7559055118110236,0.2685818062500118,189.89774699999998
1,note_on,63,D#4,0.7559055118110236,0.2685818062499834,190.168018
1,note_on,61,C#4,0.7559055118110236,0.2685818062499834,190.438289
1,note_on,44,G#2,0.6299212598425197,0.2685818062500118,190.70855999999998
1,note_on,51,D#3,0.6299212598425197,0.2685818062500118,190.97883099999999
1,note_on,54,F#3,0.6299212598425197,0.2685818062499834,191.249102
1,note_on,60,C4,0.6299212598425197,0.2685818062500118,191.51937299999997
1,note_on,54,F#3,0.6299212598425197,0.2685818062500118,191.78964399999998
1,note_on,51,D#3,0.6299212598425197,0.2685818062499834,192.059915
1,note_on,44,G#2,0.5039370078740157,0.2685818062500118,192.33018599999997
1,note_on,51,D#3,0.5039370078740157,0.2685818062500118,192.60045699999998
1,note_on,54,F#3,0.5039370078740157,0.2685818062499834,192.87072799999999
1,note_on,60,C4,0.5039370078740157,0.2685818062499834,193.140999
1,note_on,54,F#3,0.5039370078740157,0.2685818062500118,193.41126999999997
1,note_on,51,D#3,0.5039370078740157,0.2685818062500118,193.68154099999998
1,note_on,49,C#3,0.3858267716535433,0.2685818062499834,193.951812
1,note_on,56,G#3,0.3858267716535433,0.2685818062499834,194.222083
1,note_on,61,C#4,0.3858267716535433,0.2685818062500118,194.49235399999998
1,note_on,64,E4,0.3858267716535433,0.2685818062500118,194.76262499999999
1,note_on,61,C#4,0.3858267716535433,0.2685818062499834,195.032896
1,note_on,56,G#3,0.3858267716535433,0.2685818062500118,195.30316699999997
1,note_on,52,E3,0.3858267716535433,0.2685818062500118,195.57343799999998
1,note_on,56,G#3,0.3858267716535433,0.2685818062499834,195.843709
1,note_on,61,C#4,0.3858267716535433,0.2685818062500118,196.11397999999997
1,note_on,64,E4,0.3858267716535433,0.2685818062500118,196.38425099999998
1,note_on,61,C#4,0.3858267716535433,0.2685818062499834,196.654522
1,note_on,56,G#3,0.3858267716535433,0.2685818062499834,196.924793
1,note_on,49,C#3,0.3858267716535433,0.2685818062500118,197.19506399999997
1,note_on,56,G#3,0.3858267716535433,0.2685818062500118,197.46533499999998
1,note_on,58,A#3,0.3858267716535433,0.2685818062499834,197.735606
1,note_on,64,E4,0.3858267716535433,0.2685818062499834,198.005877
1,note_on,58,A#3,0.3858267716535433,0.2685818062500118,198.27614799999998
1,note_on,56,G#3,0.3858267716535433,0.2685818062500118,198.546419
1,note_on,52,E3,0.3858267716535433,0.2685818062499834,198.81669
1,note_on,56,G#3,0.3858267716535433,0.2685818062500118,199.08696099999997
1,note_on,58,A#3,0.3858267716535433,0.2685818062500118,199.35723199999998
1,note_on,61,C#4,0.3858267716535433,0.2685818062499834,199.627503
1,note_on,58,A#3,0.3858267716535433,0.2685818062500118,199.89777399999997
1,note_on,56,G#3,0.3858267716535433,0.2685818062500118,200.16804499999998
1,note_on,51,D#3,0.5039370078740157,0.2685818062499834,200.438316
1,note_on,56,G#3,0.5039370078740157,0.2685818062499834,200.708587
1,note_on,59,B3,0.5039370078740157,0.2685818062500118,200.97885799999997
1,note_on,63,D#4,0.6299212598425197,0.2685818062500118,201.24912899999998
1,note_on,59,B3,0.6299212598425197,0.2685818062499834,201.5194
1,note_on,56,G#3,0.6299212598425197,0.2685818062499834,201.789671
1,note_on,51,D#3,0.7559055118110236,0.2685818062500118,202.05994199999998
1,note_on,58,A#3,0.7559055118110236,0.2685818062500118,202.330213
1,note_on,61,C#4,0.7559055118110236,0.2685818062499834,202.600484
1,note_on,67,G4,0.7559055118110236,0.2685818062500118,202.87075499999997
1,note_on,61,C#4,0.7559055118110236,0.2685818062500118,203.14102599999998
1,note_on,58,A#3,0.7559055118110236,0.2685818062499834,203.411297
1,note_on,44,G#2,0.6299212598425197,0.2685818062500118,203.68156799999997
1,note_on,51,D#3,0.6299212598425197,0.2685818062500118,203.95183899999998
1,note_on,56,G#3,0.6299212598425197,0.2685818062500118,204.22211
1,note_on,59,B3,0.5039370078740157,0.2685818062499834,204.492381
1,note_on,56,G#3,0.5039370078740157,0.2685818062500118,204.76265199999997
1,note_on,51,D#3,0.5039370078740157,0.2685818062500118,205.03292299999998
1,note_on,44,G#2,0.3858267716535433,0.2685818062499834,205.303194
1,note_on,51,D#3,0.3858267716535433,0.2685818062499834,205.573465
1,note_on,56,G#3,0.3858267716535433,0.2685818062500118,205.84373599999998
1,note_on,59,B3,0.25984251968503935,0.2685818062499834,206.114007
1,note_on,56,G#3,0.25984251968503935,0.2685818062499834,206.384278
1,note_on,51,D#3,0.25984251968503935,0.2685818062500118,206.65454899999997
1,note_on,45,A2,0.7559055118110236,0.2685818062500118,206.92481999999998
1,note_on,49,C#3,0.7559055118110236,0.2685818062499834,207.195091
1,note_on,54,F#3,0.7559055118110236,0.2685818062500118,207.46536199999997
1,note_on,57,A3,0.7559055118110236,0.2685818062500118,207.73563299999998
1,note_on,54,F#3,0.7559055118110236,0.2685818062499834,208.005904
1,note_on,49,C#3,0.7559055118110236,0.2685818062499834,208.276175
1,note_on,45,A2,0.7559055118110236,0.2685818062500118,208.54644599999997
1,note_on,49,C#3,0.7559055118110236,0.2685818062500118,208.81671699999998
1,note_on,54,F#3,0.7559055118110236,0.2685818062499834,209.086988
1,note_on,57,A3,0.7559055118110236,0.2685818062499834,209.357259
1,note_on,54,F#3,0.7559055118110236,0.2685818062500118,209.62752999999998
1,note_on,49,C#3,0.7559055118110236,0.2685818062500118,209.897801
1,note_on,47,B2,0.7559055118110236,0.2685818062499834,210.168072
1,note_on,54,F#3,0.7559055118110236,0.2685818062500118,210.43834299999997
1,note_on,57,A3,0.7559055118110236,0.2685818062500118,210.70861399999998
1,note_on,59,B3,0.7559055118110236,0.2685818062499834,210.978885
1,note_on,57,A3,0.7559055118110236,0.2685818062500118,211.24915599999997
1,note_on,54,F#3,0.7559055118110236,0.2685818062500118,211.51942699999998
1,note_on,40,E2,0.7559055118110236,0.2685818062499834,211.789698
1,note_on,47,B2,0.7559055118110236,0.2685818062499834,212.059969
1,note_on,52,E3,0.7559055118110236,0.2685818062500118,212.33023999999997
1,note_on,56,G#3,0.7559055118110236,0.2685818062499834,212.60051099999998
1,note_on,52,E3,0.7559055118110236,0.2685818062499834,212.870782
1,note_on,47,B2,0.7559055118110236,0.2685818062499834,213.141053
1,note_on,45,A2,0.7559055118110236,0.2685818062500118,213.41132399999998
1,note_on,49,C#3,0.7559055118110236,0.2685818062500118,213.681595
1,note_on,54,F#3,0.7559055118110236,0.2685818062499834,213.951866
1,note_on,57,A3,0.7559055118110236,0.2685818062500118,214.22213699999998
1,note_on,54,F#3,0.7559055118110236,0.2685818062500118,214.49240799999998
1,note_on,49,C#3,0.7559055118110236,0.2685818062499834,214.762679
1,note_on,45,A2,0.7559055118110236,0.2685818062500118,215.03294999999997
1,note_on,49,C#3,0.7559055118110236,0.2685818062500118,215.30322099999998
1,note_on,54,F#3,0.7559055118110236,0.2685818062499834,215.573492
1,note_on,57,A3,0.7559055118110236,0.2685818062500118,215.84376299999997
1,note_on,54,F#3,0.7559055118110236,0.2685818062499834,216.114034
1,note_on,49,C#3,0.7559055118110236,0.2685818062500118,216.38430499999998
1,note_on,47,B2,0.7559055118110236,0.2685818062499834,216.654576
1,note_on,51,D#3,0.7559055118110236,0.2685818062499834,216.924847
1,note_on,57,A3,0.7559055118110236,0.2685818062500118,217.19511799999998
1,note_on,59,B3,0.7559055118110236,0.2685818062500118,217.465389
1,note_on,57,A3,0.7559055118110236,0.2685818062499834,217.73566
1,note_on,51,D#3,0.7559055118110236,0.2685818062500118,218.00593099999998
1,note_on,40,E2,0.7559055118110236,0.2685818062500118,218.27620199999998
1,note_on,47,B2,0.7559055118110236,0.2685818062499834,218.546473
1,note_on,52,E3,0.7559055118110236,0.2685818062500118,218.81674399999997
1,note_on,56,G#3,0.7559055118110236,0.2685818062500118,219.08701499999998
1,note_on,52,E3,0.7559055118110236,0.2685818062499834,219.357286
1,note_on,47,B2,0.7559055118110236,0.2685818062500118,219.62755699999997
1,note_on,42,F#2,0.3858267716535433,0.2685818062500118,219.89782799999998
1,note_on,49,C#3,0.3858267716535433,0.2685818062499834,220.16809899999998
1,note_on,54,F#3,0.3858267716535433,0.2685818062500118,220.43837
1,note_on,57,A3,0.3858267716535433,0.2685818062499834,220.708641
1,note_on,54,F#3,0.3858267716535433,0.2685818062500118,220.97891199999998
1,note_on,49,C#3,0.3858267716535433,0.2685818062500118,221.249183
1,note_on,45,A2,0.3858267716535433,0.2685818062499834,221.519454
1,note_on,49,C#3,0.3858267716535433,0.2685818062500118,221.78972499999998
1,note_on,54,F#3,0.3858267716535433,0.2685818062500118,222.05999599999998
1,note_on,57,A3,0.3858267716535433,0.2685818062499834,222.330267
1,note_on,54,F#3,0.3858267716535433,0.2685818062500118,222.60053799999997
1,note_on,49,C#3,0.3858267716535433,0.2685818062500118,222.87080899999998
1,note_on,47,B2,0.3858267716535433,0.2685818062499834,223.14108
1,note_on,54,F#3,0.3858267716535433,0.2685818062499834,223.411351
1,note_on,57,A3,0.3858267716535433,0.2685818062500118,223.68162199999998
1,note_on,59,B3,0.3858267716535433,0.2685818062499834,223.95189299999998
1,note_on,57,A3,0.3858267716535433,0.2685818062499834,224.222164
1,note_on,54,F#3,0.3858267716535433,0.2685818062499834,224.492435
1,note_on,40,E2,0.3858267716535433,0.2685818062500118,224.76270599999998
1,note_on,47,B2,0.3858267716535433,0.2685818062500118,225.032977
1,note_on,52,E3,0.3858267716535433,0.2685818062499834,225.303248
1,note_on,56,G#3,0.5039370078740157,0.2685818062500118,225.57351899999998
1,note_on,52,E3,0.5039370078740157,0.2685818062500118,225.84378999999998
1,note_on,47,B2,0.5039370078740157,0.2685818062499834,226.114061
1,note_on,45,A2,0.5039370078740157,0.2685818062500118,226.38433199999997
1,note_on,49,C#3,0.5039370078740157,0.2685818062500118,226.65460299999998
1,note_on,54,F#3,0.6299212598425197,0.2685818062499834,226.924874
1,note_on,57,A3,0.6299212598425197,0.2685818062500118,227.19514499999997
1,note_on,54,F#3,0.6299212598425197,0.2685818062500118,227.46541599999998
1,note_on,49,C#3,0.6299212598425197,0.2685818062500118,227.73568699999998
1,note_on,45,A2,0.7559055118110236,0.2685818062499834,228.005958
1,note_on,49,C#3,0.7559055118110236,0.2685818062499834,228.276229
1,note_on,54,F#3,0.7559055118110236,0.2685818062500118,228.54649999999998
1,note_on,57,A3,0.7559055118110236,0.2685818062499834,228.816771
1,note_on,54,F#3,0.7559055118110236,0.2685818062499834,229.087042
1,note_on,49,C#3,0.7559055118110236,0.2685818062500118,229.35731299999998
1,note_on,44,G#2,0.6299212598425197,0.2685818062500118,229.62758399999998
1,note_on,51,D#3,0.6299212598425197,0.2685818062499834,229.897855
1,note_on,54,F#3,0.6299212598425197,0.2685818062500118,230.16812599999997
1,note_on,60,C4,0.6299212598425197,0.2685818062500118,230.43839699999998
1,note_on,54,F#3,0.6299212598425197,0.2685818062500118,230.708668
1,note_on,51,D#3,0.6299212598425197,0.2685818062499834,230.978939
1,note_on,44,G#2,0.6299212598425197,0.2685818062500118,231.24920999999998
1,note_on,51,D#3,0.6299212598425197,0.2685818062500118,231.51948099999998
1,note_on,54,F#3,0.6299212598425197,0.2685818062499834,231.789752
1,note_on,60,C4,0.6299212598425197,0.2685818062499834,232.060023
1,note_on,54,F#3,0.6299212598425197,0.2685818062500118,232.33029399999998
1,note_on,51,D#3,0.6299212598425197,0.2685818062500118,232.600565
1,note_on,45,A2,0.5039370078740157,0.2685818062499834,232.870836
1,note_on,51,D#3,0.5039370078740157,0.2685818062500118,233.14110699999998
1,note_on,54,F#3,0.5039370078740157,0.2685818062500118,233.41137799999998
1,note_on,59,B3,0.5039370078740157,0.2685818062499834,233.681649
1,note_on,54,F#3,0.5039370078740157,0.2685818062500118,233.95191999999997
1,note_on,51,D#3,0.5039370078740157,0.2685818062500118,234.22219099999998
1,note_on,46,A#2,0.5039370078740157,0.2685818062499834,234.492462
1,note_on,51,D#3,0.5039370078740157,0.2685818062500118,234.76273299999997
1,note_on,54,F#3,0.5039370078740157,0.2685818062499834,235.033004
1,note_on,58,A#3,0.5039370078740157,0.2685818062499834,235.30327499999999
1,note_on,54,F#3,0.5039370078740157,0.26858180625004024,235.57354599999996
1,note_on,51,D#3,0.5039370078740157,0.2685818062499834,235.843817
1,note_on,48,C3,0.3858267716535433,0.2685818062500118,236.11408799999998
1,note_on,51,D#3,0.3858267716535433,0.2685818062500118,236.384359
1,note_on,54,F#3,0.3858267716535433,0.2685818062499834,236.65463
1,note_on,57,A3,0.3858267716535433,0.2685818062500118,236.92490099999998
1,note_on,54,F#3,0.3858267716535433,0.2685818062500118,237.19517199999999
1,note_on,51,D#3,0.3858267716535433,0.2685818062499834,237.465443
1,note_on,48,C3,0.3858267716535433,0.2685818062500118,237.73571399999997
1,note_on,51,D#3,0.3858267716535433,0.2685818062500118,238.00598499999998
1,note_on,54,F#3,0.3858267716535433,0.2685818062499834,238.276256
1,note_on,57,A3,0.3858267716535433,0.2685818062500118,238.54652699999997
1,note_on,54,F#3,0.3858267716535433,0.2685818062500118,238.81679799999998
1,note_on,51,D#3,0.3858267716535433,0.2685818062499834,239.08706899999999
1,note_on,45,A2,0.25984251968503935,0.2685818062499834,239.35734
1,note_on,51,D#3,0.25984251968503935,0.2685818062500118,239.62761099999997
1,note_on,54,F#3,0.25984251968503935,0.2685818062500118,239.89788199999998
1,note_on,59,B3,0.25984251968503935,0.2685818062499834,240.168153
1,note_on,54,F#3,0.25984251968503935,0.2685818062499834,240.438424
1,note_on,51,D#3,0.25984251968503935,0.2685818062500118,240.70869499999998
1,note_on,46,A#2,0.25984251968503935,0.2685818062500118,240.97896599999999
1,note_on,51,D#3,0.25984251968503935,0.2685818062499834,241.249237
1,note_on,54,F#3,0.25984251968503935,0.2685818062500118,241.51950799999997
1,note_on,58,A#3,0.25984251968503935,0.2685818062500118,241.78977899999998
1,note_on,54,F#3,0.25984251968503935,0.2685818062499834,242.06005
1,note_on,51,D#3,0.25984251968503935,0.2685818062500118,242.33032099999997
1,note_on,47,B2,0.25984251968503935,0.2685818062500118,242.60059199999998
1,note_on,51,D#3,0.25984251968503935,0.2685818062499834,242.87086299999999
1,note_on,54,F#3,0.25984251968503935,0.2685818062500118,243.141134
1,note_on,57,A3,0.25984251968503935,0.2685818062499834,243.411405
1,note_on,54,F#3,0.25984251968503935,0.2685818062500118,243.68167599999998
1,note_on,51,D#3,0.25984251968503935,0.2685818062500118,243.951947
1,note_on,48,C3,0.25984251968503935,0.198749668749997,244.222218
1,note_on,51,D#3,0.25984251968503935,0.198749668749997,244.42221766666665
1,note_on,54,F#3,0.25984251968503935,0.198749668749997,244.62221733333334
1,note_on,56,G#3,0.25984251968503935,0.198749668749997,244.822217
1,note_on,54,F#3,0.25984251968503935,0.19874966875002542,245.02221666666665
1,note_on,51,D#3,0.25984251968503935,0.198749668749997,245.22221633333334
1,note_on,49,C#3,0.3858267716535433,0.1370689312500133,245.422216
1,note_on,56,G#3,0.3858267716535433,0.13706893124998487,245.560147
1,note_on,61,C#4,0.3858267716535433,0.1370689312500133,245.69807799999998
1,note_on,64,E4,0.3858267716535433,0.1370689312500133,245.836009
1,note_on,61,C#4,0.3858267716535433,0.13706893124998487,245.97394
1,note_on,56,G#3,0.3858267716535433,0.1370689312500133,246.11187099999998
1,note_on,52,E3,0.3858267716535433,0.1370689312500133,246.249802
1,note_on,56,G#3,0.3858267716535433,0.13706893124998487,246.387733
1,note_on,61,C#4,0.3858267716535433,0.1370689312500133,246.52566399999998
1,note_on,64,E4,0.3858267716535433,0.1370689312500133,246.663595
1,note_on,61,C#4,0.3858267716535433,0.13706893124998487,246.801526
1,note_on,56,G#3,0.3858267716535433,0.13706893124998487,246.939457
1,note_on,49,C#3,0.3858267716535433,0.1370689312500133,247.07738799999998
1,note_on,56,G#3,0.3858267716535433,0.13706893124998487,247.215319
1,note_on,61,C#4,0.3858267716535433,0.13706893124998487,247.35325
1,note_on,64,E4,0.3858267716535433,0.1370689312500133,247.49118099999998
1,note_on,61,C#4,0.3858267716535433,0.1370689312500133,247.629112
1,note_on,56,G#3,0.3858267716535433,0.13706893124998487,247.767043
1,note_on,52,E3,0.3858267716535433,0.1370689312500133,247.90497399999998
1,note_on,56,G#3,0.3858267716535433,0.1370689312500133,248.042905
1,note_on,61,C#4,0.3858267716535433,0.13706893124998487,248.180836
1,note_on,64,E4,0.3858267716535433,0.1370689312500133,248.31876699999998
1,note_on,61,C#4,0.3858267716535433,0.1370689312500133,248.456698
1,note_on,56,G#3,0.3858267716535433,0.13706893124998487,248.594629
1,note_on,51,D#3,0.3858267716535433,0.1370689312500133,248.73255999999998
1,note_on,57,A3,0.3858267716535433,0.1370689312500133,248.870491
1,note_on,61,C#4,0.3858267716535433,0.13706893124998487,249.008422
1,note_on,66,F#4,0.5039370078740157,0.13706893124998487,249.146353
1,note_on,61,C#4,0.5039370078740157,0.1370689312500133,249.28428399999999
1,note_on,57,A3,0.5039370078740157,0.13706893124998487,249.422215
1,note_on,54,F#3,0.5039370078740157,0.13706893124998487,249.560146
1,note_on,61,C#4,0.5039370078740157,0.1370689312500133,249.69807699999998
1,note_on,63,D#4,0.5039370078740157,0.13706893124998487,249.836008
1,note_on,69,A4,0.6299212598425197,0.13706893124998487,249.973939
1,note_on,63,D#4,0.6299212598425197,0.1370689312500133,250.11186999999998
1,note_on,61,C#4,0.6299212598425197,0.1370689312500133,250.249801
1,note_on,44,G#2,0.6299212598425197,0.13706893124998487,250.387732
1,note_on,51,D#3,0.6299212598425197,0.1370689312500133,250.52566299999998
1,note_on,54,F#3,0.6299212598425197,0.1370689312500133,250.663594
1,note_on,60,C4,0.5039370078740157,0.13706893124998487,250.801525
1,note_on,54,F#3,0.5039370078740157,0.1370689312500133,250.93945599999998
1,note_on,51,D#3,0.5039370078740157,0.1370689312500133,251.077387
1,note_on,44,G#2,0.5039370078740157,0.13706893124998487,251.215318
1,note_on,51,D#3,0.5039370078740157,0.13706893124998487,251.353249
1,note_on,54,F#3,0.5039370078740157,0.1370689312500133,251.49117999999999
1,note_on,60,C4,0.5039370078740157,0.13706893124998487,251.629111
1,note_on,54,F#3,0.5039370078740157,0.13706893124998487,251.767042
1,note_on,51,D#3,0.5039370078740157,0.1370689312500133,251.90497299999998
1,note_on,49,C#3,0.3858267716535433,0.1370689312500133,252.042904
1,note_on,56,G#3,0.3858267716535433,0.13706893124998487,252.180835
1,note_on,61,C#4,0.3858267716535433,0.1370689312500133,252.31876599999998
1,note_on,64,E4,0.3858267716535433,0.1370689312500133,252.456697
1,note_on,61,C#4,0.3858267716535433,0.13706893124998487,252.594628
1,note_on,56,G#3,0.3858267716535433,0.1370689312500133,252.73255899999998
1,note_on,52,E3,0.3858267716535433,0.1370689312500133,252.87049
1,note_on,56,G#3,0.3858267716535433,0.13706893124998487,253.008421
1,note_on,61,C#4,0.3858267716535433,0.1370689312500133,253.14635199999998
1,note_on,64,E4,0.3858267716535433,0.1370689312500133,253.284283
1,note_on,61,C#4,0.3858267716535433,0.13706893124998487,253.422214
1,note_on,56,G#3,0.3858267716535433,0.13706893124998487,253.560145
1,note_on,54,F#3,0.3858267716535433,0.1370689312500133,253.698076
1,note_on,61,C#4,0.3858267716535433,0.13706893124998487,253.836007
1,note_on,63,D#4,0.3858267716535433,0.13706893124998487,253.973938
1,note_on,69,A4,0.3858267716535433,0.1370689312500133,254.11186899999998
1,note_on,63,D#4,0.3858267716535433,0.13706893124998487,254.2498
1,note_on,61,C#4,0.3858267716535433,0.13706893124998487,254.387731
1,note_on,56,G#3,0.5039370078740157,0.1370689312500133,254.52566199999998
1,note_on,61,C#4,0.5039370078740157,0.1370689312500133,254.663593
1,note_on,65,F4,0.5039370078740157,0.13706893124998487,254.801524
1,note_on,71,B4,0.5039370078740157,0.1370689312500133,254.93945499999998
1,note_on,65,F4,0.5039370078740157,0.1370689312500133,255.077386
1,note_on,61,C#4,0.5039370078740157,0.13706893124998487,255.215317
1,note_on,57,A3,0.5039370078740157,0.1370689312500133,255.35324799999998
1,note_on,61,C#4,0.5039370078740157,0.1370689312500133,255.491179
1,note_on,66,F#4,0.5039370078740157,0.13706893124998487,255.62911
1,note_on,69,A4,0.5039370078740157,0.13706893124998487,255.767041
1,note_on,66,F#4,0.5039370078740157,0.13706893124998487,255.904972
1,note_on,61,C#4,0.5039370078740157,0.13706893125004171,256.04290299999997
1,note_on,56,G#3,0.5039370078740157,0.13706893124998487,256.180834
1,note_on,61,C#4,0.5039370078740157,0.13706893124998487,256.318765
1,note_on,65,F4,0.5039370078740157,0.13706893125004171,256.45669599999997
1,note_on,71,B4,0.5039370078740157,0.13706893124998487,256.594627
1,note_on,65,F4,0.5039370078740157,0.13706893124998487,256.732558
1,note_on,61,C#4,0.5039370078740157,0.13706893124998487,256.870489
1,note_on,57,A3,0.6299212598425197,0.13706893124998487,257.00842
1,note_on,61,C#4,0.6299212598425197,0.13706893124998487,257.146351
1,note_on,66,F#4,0.6299212598425197,0.13706893124998487,257.284282
1,note_on,69,A4,0.6299212598425197,0.13706893124998487,257.422213
1,note_on,66,F#4,0.6299212598425197,0.13706893124998487,257.560144
1,note_on,61,C#4,0.6299212598425197,0.13706893124998487,257.698075
1,note_on,48,C3,0.6299212598425197,0.13706893124998487,257.836006
1,note_on,54,F#3,0.6299212598425197,0.13706893125004171,257.973937
1,note_on,56,G#3,0.6299212598425197,0.13706893124998487,258.111868
1,note_on,63,D#4,0.6299212598425197,0.13706893124998487,258.249799
1,note_on,56,G#3,0.6299212598425197,0.13706893125004171,258.38773
1,note_on,54,F#3,0.6299212598425197,0.13706893124998487,258.525661
1,note_on,49,C#3,0.6299212598425197,0.13706893124998487,258.663592
1,note_on,56,G#3,0.6299212598425197,0.13706893125004171,258.801523
1,note_on,61,C#4,0.6299212598425197,0.13706893124998487,258.939454
1,note_on,64,E4,0.6299212598425197,0.13706893124998487,259.077385
1,note_on,61,C#4,0.6299212598425197,0.13706893125004171,259.215316
1,note_on,56,G#3,0.6299212598425197,0.13706893124998487,259.353247
1,note_on,51,D#3,0.6299212598425197,0.13706893124998487,259.491178
1,note_on,56,G#3,0.6299212598425197,0.13706893125004171,259.62910899999997
1,note_on,60,C4,0.6299212598425197,0.13706893124998487,259.76704
1,note_on,66,F#4,0.6299212598425197,0.13706893124998487,259.904971
1,note_on,60,C4,0.6299212598425197,0.13706893125004171,260.04290199999997
1,note_on,56,G#3,0.6299212598425197,0.13706893124998487,260.180833
1,note_on,52,E3,0.6299212598425197,0.13706893124998487,260.318764
1,note_on,56,G#3,0.6299212598425197,0.13706893125004171,260.45669499999997
1,note_on,61,C#4,0.6299212598425197,0.13706893124998487,260.594626
1,note_on,64,E4,0.6299212598425197,0.13706893124998487,260.732557
1,note_on,61,C#4,0.6299212598425197,0.13706893125004171,260.87048799999997
1,note_on,56,G#3,0.6299212598425197,0.13706893124998487,261.008419
1,note_on,54,F#3,0.6299212598425197,0.13706893124998487,261.14635
1,note_on,61,C#4,0.6299212598425197,0.13706893125004171,261.28428099999996
1,note_on,63,D#4,0.6299212598425197,0.13706893124998487,261.422212
1,note_on,69,A4,0.6299212598425197,0.13706893124998487,261.560143
1,note_on,63,D#4,0.6299212598425197,0.13706893124998487,261.698074
1,note_on,61,C#4,0.6299212598425197,0.13706893124998487,261.836005
1,note_on,68,G#4,0.6299212598425197,0.10258618124998975,261.973936
1,note_on,64,E4,0.6299212598425197,0.10258618124998975,261.973936
1,note_on,61,C#4,0.6299212598425197,0.10258618124998975,261.973936
1,note_on,56,G#3,0.6299212598425197,0.10258618124998975,261.973936
1,note_on,69,A4,0.7559055118110236,0.4129309312500027,262.801522
1,note_on,64,E4,0.7559055118110236,0.4129309312500027,262.801522
1,note_on,61,C#4,0.7559055118110236,0.4129309312500027,262.801522
1,note_on,55,G3,0.7559055118110236,0.4129309312500027,262.801522
1,note_on,44,G#2,0.8818897637795275,0.10258618125004659,265.28427999999997
1,note_on,32,G#1,0.8818897637795275,0.10258618125004659,265.28427999999997
1,note_on,76,E5,0.8818897637795275,0.41293093124994584,265.698073
1,note_on,64,E4,0.8818897637795275,0.41293093124994584,265.698073
1,note_on,73,C#5,0.8818897637795275,0.4129309312500027,266.11186599999996
1,note_on,61,C#4,0.8818897637795275,0.4129309312500027,266.11186599999996
1,note_on,68,G#4,0.8818897637795275,0.4129309312500027,266.525659
1,note_on,56,G#3,0.8818897637795275,0.4129309312500027,266.525659
1,note_on,64,E4,0.8818897637795275,0.4129309312500027,266.939452
1,note_on,52,E3,0.8818897637795275,0.4129309312500027,266.939452
1,note_on,61,C#4,0.8818897637795275,0.4129309312500027,267.353245
1,note_on,49,C#3,0.8818897637795275,0.4129309312500027,267.353245
1,note_on,56,G#3,0.8818897637795275,0.4129309312500027,267.767038
1,note_on,44,G#2,0.8818897637795275,0.4129309312500027,267.767038
1,note_on,52,E3,0.8818897637795275,0.4129309312500027,268.180831
1,note_on,40,E2,0.8818897637795275,0.4129309312500027,268.180831
1,note_on,49,C#3,0.8818897637795275,0.4129309312500027,268.594624
1,note_on,37,C#2,0.8818897637795275,0.4129309312500027,268.594624
1,note_on,44,G#2,0.8818897637795275,0.4129309312500027,269.008417
1,note_on,32,G#1,0.8818897637795275,0.4129309312500027,269.008417
1,note_on,44,G#2,0.8818897637795275,0.4129309312500027,269.42221
1,note_on,32,G#1,0.8818897637795275,0.4129309312500027,269.42221
1,note_on,45,A2,0.8818897637795275,0.4129309312500027,269.836003
1,note_on,33,A1,0.8818897637795275,0.4129309312500027,269.836003
1,note_on,44,G#2,0.8818897637795275,0.4129309312500027,270.249796
1,note_on,32,G#1,0.8818897637795275,0.4129309312500027,270.249796
1,note_on,43,G2,0.8818897637795275,0.4129309312500027,270.663589
1,note_on,31,G1,0.8818897637795275,0.4129309312500027,270.663589
1,note_on,44,G#2,0.8818897637795275,0.826723931250001,271.077382
1,note_on,32,G#1,0.8818897637795275,0.826723931250001,271.077382
1,note_on,37,C#2,0.8818897637795275,0.20603443125003196,271.904968
1,note_on,52,E3,0.8818897637795275,0.20603443124997511,272.1118645
1,note_on,49,C#3,0.8818897637795275,0.20603443125003196,272.318761
1,note_on,44,G#2,0.8818897637795275,0.20603443124997511,272.5256575
1,note_on,37,C#2,0.8818897637795275,0.20603443125003196,272.732554
1,note_on,54,F#3,0.8818897637795275,0.20603443124997511,272.9394505
1,note_on,48,C3,0.8818897637795275,0.20603443125003196,273.146347
1,note_on,44,G#2,0.8818897637795275,0.20603443124997511,273.3532435
1,note_on,37,C#2,0.8818897637795275,0.20603443125003196,273.56014
1,note_on,52,E3,0.8818897637795275,0.20603443124997511,273.7670365
1,note_on,49,C#3,0.8818897637795275,0.20603443125003196,273.973933
1,note_on,44,G#2,0.8818897637795275,0.20603443124997511,274.1808295
1,note_on,37,C#2,0.3858267716535433,0.20603443125003196,274.387726
1,note_on,54,F#3,0.3858267716535433,0.20603443124997511,274.5946225
1,note_on,48,C3,0.3858267716535433,0.20603443125003196,274.801519
1,note_on,44,G#2,0.3858267716535433,0.20603443124997511,275.0084155
1,note_on,37,C#2,0.3858267716535433,0.20603443125003196,275.215312
1,note_on,52,E3,0.3858267716535433,0.20603443124997511,275.4222085
1,note_on,49,C#3,0.8818897637795275,0.20603443125003196,275.629105
1,note_on,44,G#2,0.8818897637795275,0.20603443124997511,275.8360015
1,note_on,37,C#2,0.8818897637795275,0.20603443125003196,276.042898
1,note_on,54,F#3,0.8818897637795275,0.20603443124997511,276.2497945
1,note_on,48,C3,0.8818897637795275,0.20603443125003196,276.456691
1,note_on,44,G#2,0.8818897637795275,0.20603443124997511,276.6635875
1,note_on,37,C#2,0.8818897637795275,0.20603443125003196,276.870484
1,note_on,52,E3,0.8818897637795275,0.20603443124997511,277.0773805
1,note_on,49,C#3,0.8818897637795275,0.20603443124997511,277.28427700000003
1,note_on,44,G#2,0.8818897637795275,0.20603443124997511,277.4911735
1,note_on,37,C#2,0.3858267716535433,0.20603443124997511,277.69807000000003
1,note_on,54,F#3,0.3858267716535433,0.20603443124997511,277.9049665
1,note_on,48,C3,0.3858267716535433,0.20603443124997511,278.111863
1,note_on,44,G#2,0.3858267716535433,0.20603443125003196,278.3187595
1,note_on,37,C#2,0.3858267716535433,0.20603443124997511,278.525656
1,note_on,52,E3,0.3858267716535433,0.20603443125003196,278.7325525
1,note_on,49,C#3,0.3858267716535433,0.20603443124997511,278.939449
1,note_on,44,G#2,0.3858267716535433,0.20603443125003196,279.1463455
1,note_on,37,C#2,0.3858267716535433,0.20603443124997511,279.353242
1,note_on,56,G#3,0.3858267716535433,0.20603443125003196,279.5601385
1,note_on,49,C#3,0.3858267716535433,0.20603443124997511,279.767035
1,note_on,44,G#2,0.3858267716535433,0.20603443125003196,279.9739315
1,note_on,37,C#2,0.3858267716535433,0.20603443124997511,280.180828
1,note_on,52,E3,0.3858267716535433,0.20603443125003196,280.3877245
1,note_on,49,C#3,0.3858267716535433,0.20603443124997511,280.594621
1,note_on,44,G#2,0.3858267716535433,0.20603443125003196,280.8015175
1,note_on,37,C#2,0.3858267716535433,0.20603443124997511,281.008414
1,note_on,56,G#3,0.3858267716535433,0.20603443125003196,281.2153105
1,note_on,49,C#3,0.3858267716535433,0.20603443124997511,281.422207
1,note_on,44,G#2,0.3858267716535433,0.20603443125003196,281.6291035
1,note_on,37,C#2,0.3858267716535433,0.20603443124997511,281.836
1,note_on,52,E3,0.3858267716535433,0.20603443125003196,282.0428965
1,note_on,49,C#3,0.3858267716535433,0.20603443124997511,282.249793
1,note_on,44,G#2,0.3858267716535433,0.20603443125003196,282.4566895
1,note_on,37,C#2,0.3858267716535433,0.20603443124997511,282.663586
1,note_on,52,E3,0.3858267716535433,0.20603443125003196,282.8704825
1,note_on,49,C#3,0.3858267716535433,0.20603443124997511,283.077379
1,note_on,44,G#2,0.3858267716535433,0.20603443125003196,283.2842755
1,note_on,37,C#2,0.3858267716535433,0.20603443124997511,283.491172
1,note_on,52,E3,0.3858267716535433,0.20603443125003196,283.6980685
1,note_on,49,C#3,0.3858267716535433,0.20603443124997511,283.904965
1,note_on,44,G#2,0.3858267716535433,0.20603443124997511,284.11186150000003
1,note_on,37,C#2,0.3858267716535433,0.20603443124997511,284.318758
1,note_on,52,E3,0.3858267716535433,0.20603443124997511,284.52565450000003
1,note_on,49,C#3,0.3858267716535433,0.20603443124997511,284.732551
1,note_on,44,G#2,0.3858267716535433,0.20603443124997511,284.9394475
1,note_on,37,C#2,0.3858267716535433,0.4129309312500027,285.146344
1,note_on,44,G#2,0.25984251968503935,1.6543099312499976,288.456688
1,note_on,37,C#2,0.25984251968503935,1.6543099312499976,288.456688
1,note_on,46,A#2,0.25984251968503935,0.4129309312500027,290.11186
1,note_on,44,G#2,0.25984251968503935,0.41293093124994584,290.52565300000003
1,note_on,49,C#3,0.25984251968503935,0.4129309312500027,290.939446
1,note_on,51,D#3,0.25984251968503935,0.4129309312500027,291.35323900000003
1,note_on,53,F3,0.25984251968503935,1.6543099312499976,291.76703200000003
1,note_on,56,G#3,0.25984251968503935,1.6543099312499976,293.422204
1,note_on,54,F#3,0.25984251968503935,0.826723931250001,295.077376
1,note_on,53,F3,0.25984251968503935,0.826723931250001,295.904962
1,note_on,51,D#3,0.25984251968503935,0.826723931250001,296.732548
1,note_on,53,F3,0.25984251968503935,0.4129309312500027,297.560134
1,note_on,49,C#3,0.25984251968503935,0.4129309312500027,297.973927
1,note_on,44,G#2,0.25984251968503935,1.6543099312499976,298.38772
1,note_on,44,G#2,0.25984251968503935,2.398746002083328,300.042892
1,note_on,32,G#1,0.25984251968503935,2.398746002083328,300.042892
1,note_on,44,G#2,0.12598425196850394,2.398746002083328,302.442888
1,note_on,37,C#2,0.12598425196850394,2.398746002083328,302.442888
1,note_on,44,G#2,0.12598425196850394,2.398746002083385,304.84288399999997
1,note_on,37,C#2,0.12598425196850394,2.398746002083385,304.84288399999997
