Track,Event Type,Midi Note,Note Name,Velocity,Duration (seconds),Time (seconds)
0,note_on,77,F5,0.25984251968503935,2.4973958333333335,1.25
0,note_on,80,G#5,0.25984251968503935,2.4973958333333335,1.25
0,note_on,73,C#5,0.25984251968503935,2.403645833333333,3.75
0,note_on,77,F5,0.25984251968503935,2.403645833333333,3.75
0,note_on,72,C5,0.25984251968503935,0.6223958333333339,6.25
0,note_on,75,D#5,0.25984251968503935,0.6223958333333339,6.25
0,note_on,73,C#5,0.25984251968503935,0.6223958333333339,6.875
0,note_on,77,F5,0.25984251968503935,0.6223958333333339,6.875
0,note_on,72,C5,0.25984251968503935,4.184895833333332,7.5
0,note_on,75,D#5,0.25984251968503935,4.184895833333332,7.5
0,note_on,70,A#4,0.25984251968503935,0.6223958333333339,11.875
0,note_on,73,C#5,0.25984251968503935,0.6223958333333339,11.875
0,note_on,72,C5,0.25984251968503935,0.6223958333333339,12.5
0,note_on,75,D#5,0.25984251968503935,0.6223958333333339,12.5
0,note_on,73,C#5,0.25984251968503935,0.9348958333333339,13.125
0,note_on,70,A#4,0.25984251968503935,4.372395833333332,13.125
0,note_on,77,F5,0.25984251968503935,1.872395833333334,14.0625
0,note_on,73,C#5,0.25984251968503935,1.5598958333333321,15.9375
0,note_on,68,G#4,0.25984251968503935,0.6223958333333321,17.5
0,note_on,72,C5,0.25984251968503935,0.6223958333333321,17.5
0,note_on,70,A#4,0.25984251968503935,0.6223958333333321,18.125
0,note_on,73,C#5,0.25984251968503935,0.6223958333333321,18.125
0,note_on,68,G#4,0.25984251968503935,3.559895833333332,18.75
0,note_on,72,C5,0.25984251968503935,4.176020131249999,18.75
0,note_on,66,F#4,0.25984251968503935,3.670915981250001,22.5
0,note_on,70,A#4,0.25984251968503935,0.6096934812500017,23.1122445
0,note_on,72,C5,0.25984251968503935,0.6096934812500017,23.724489
0,note_on,70,A#4,0.25984251968503935,0.6096934812499981,24.3367335
0,note_on,75,D#5,0.25984251968503935,0.6096934812500017,24.948978
0,note_on,70,A#4,0.25984251968503935,0.6096934812500017,25.5612225
0,note_on,68,G#4,0.25984251968503935,0.6096934812500017,26.173467
0,note_on,66,F#4,0.25984251968503935,1.83418248125,26.173467
0,note_on,70,A#4,0.25984251968503935,0.6096934812500017,26.785711499999998
0,note_on,68,G#4,0.25984251968503935,1.2219379812500009,27.397956
0,note_on,63,D#4,0.25984251968503935,3.670915981250001,28.0102005
0,note_on,66,F#4,0.25984251968503935,0.6096934812500017,28.622445
0,note_on,68,G#4,0.25984251968503935,0.6096934812499981,29.2346895
0,note_on,66,F#4,0.25984251968503935,1.8341824812500036,29.846933999999997
0,note_on,65,F4,0.25984251968503935,2.3442335000000014,31.6836675
0,note_on,63,D#4,0.25984251968503935,1.7423458062500004,31.6836675
0,note_on,61,C#4,0.25984251968503935,5.397500000000001,33.520401
0,note_on,65,F4,0.25984251968503935,0.5974999999999966,34.120401
0,note_on,66,F#4,0.25984251968503935,0.5974999999999966,34.720401
0,note_on,65,F4,0.25984251968503935,0.5975000000000037,35.320401
0,note_on,70,A#4,0.25984251968503935,0.5975000000000037,35.920401
0,note_on,65,F4,0.25984251968503935,0.5975000000000037,36.520401
0,note_on,63,D#4,0.25984251968503935,0.5974999999999966,37.120401
0,note_on,65,F4,0.25984251968503935,0.5974999999999966,37.720401
0,note_on,63,D#4,0.25984251968503935,1.1975000000000051,38.320401
0,note_on,58,A#3,0.25984251968503935,3.5975000000000037,38.920401
0,note_on,61,C#4,0.25984251968503935,0.5975000000000037,39.520401
0,note_on,63,D#4,0.25984251968503935,0.5974999999999966,40.120401
0,note_on,61,C#4,0.25984251968503935,1.7975000000000065,40.720400999999995
0,note_on,60,C4,0.25984251968503935,1.7974999999999994,42.520401
0,note_on,56,G#3,0.25984251968503935,1.7974999999999994,42.520401
0,note_on,77,F5,0.25984251968503935,1.7622555187499955,46.0851075
0,note_on,80,G#5,0.25984251968503935,1.7622555187499955,46.0851075
0,note_on,73,C#5,0.25984251968503935,2.2622556937499994,47.849813999999995
0,note_on,77,F5,0.25984251968503935,2.2622556937499994,47.849813999999995
0,note_on,75,D#5,0.25984251968503935,0.5857845187500033,50.202755999999994
0,note_on,66,F#4,0.25984251968503935,4.526962368750006,50.202755999999994
0,note_on,70,A#4,0.25984251968503935,4.526962368750006,50.202755999999994
0,note_on,77,F5,0.25984251968503935,0.5857845187500033,50.7909915
0,note_on,75,D#5,0.25984251968503935,3.9308552541666657,51.379227
0,note_on,61,C#4,0.25984251968503935,0.5745191541666657,55.485563
0,note_on,73,C#5,0.25984251968503935,0.5745191541666657,55.485563
0,note_on,68,G#4,0.25984251968503935,1.1514421541666664,55.485563
0,note_on,63,D#4,0.25984251968503935,0.5745191541666657,56.062486
0,note_on,75,D#5,0.25984251968503935,0.5745191541666657,56.062486
0,note_on,68,G#4,0.25984251968503935,1.7283651541666671,56.639409
0,note_on,73,C#5,0.25984251968503935,1.7283651541666671,56.639409
0,note_on,80,G#5,0.25984251968503935,1.7283651541666671,56.639409
0,note_on,65,F4,0.25984251968503935,1.641826704166668,58.370177999999996
0,note_on,73,C#5,0.25984251968503935,1.641826704166668,58.370177999999996
0,note_on,77,F5,0.25984251968503935,2.218749704166669,58.370177999999996
0,note_on,75,D#5,0.25984251968503935,0.5745191541666657,60.67787
0,note_on,66,F#4,0.25984251968503935,4.612980154166664,60.67787
0,note_on,70,A#4,0.25984251968503935,4.612980154166664,60.67787
0,note_on,77,F5,0.25984251968503935,0.5745191541666657,61.254793
0,note_on,75,D#5,0.25984251968503935,1.7283651541666671,61.831716
0,note_on,73,C#5,0.25984251968503935,2.209542808333339,63.562484999999995
0,note_on,61,C#4,0.28346456692913385,0.5636795083333226,65.85929200000001
0,note_on,73,C#5,0.28346456692913385,0.5636795083333226,65.85929200000001
0,note_on,68,G#4,0.28346456692913385,1.1297175083333286,65.85929200000001
0,note_on,63,D#4,0.30708661417322836,0.5636795083333368,66.42533
0,note_on,75,D#5,0.30708661417322836,0.5636795083333368,66.42533
0,note_on,70,A#4,0.33070866141732286,0.8466985083333327,66.99136800000001
0,note_on,82,A#5,0.33070866141732286,0.8466985083333327,66.99136800000001
0,note_on,77,F5,0.33070866141732286,2.5471709999999916,66.99136800000001
0,note_on,68,G#4,0.33070866141732286,1.6957555083333204,67.84042500000001
0,note_on,80,G#5,0.33070866141732286,1.6957555083333204,67.84042500000001
0,note_on,65,F4,0.33070866141732286,0.8466985083333327,69.538539
0,note_on,77,F5,0.33070866141732286,1.40229768541667,69.538539
0,note_on,75,D#5,0.33070866141732286,0.553240685416668,70.9431515
0,note_on,65,F4,0.33070866141732286,4.442129185416675,70.9431515
0,note_on,70,A#4,0.33070866141732286,3.611110750000009,70.9431515
0,note_on,77,F5,0.33070866141732286,0.553240685416668,71.498707
0,note_on,75,D#5,0.33070866141732286,0.8310184354166665,72.05426250000001
0,note_on,73,C#5,0.33070866141732286,1.664351685416662,72.88759575
0,note_on,70,A#4,0.28346456692913385,0.8310184354166665,74.55426225000001
0,note_on,77,F5,0.25984251968503935,1.3587961604166736,76.1770695
0,note_on,82,A#5,0.25984251968503935,1.3587961604166736,76.1770695
0,note_on,89,F6,0.25984251968503935,1.3587961604166736,76.1770695
0,note_on,75,D#5,0.25984251968503935,0.5532406854166538,77.56595825000001
0,note_on,82,A#5,0.25984251968503935,0.5532406854166538,77.56595825000001
0,note_on,87,D#6,0.25984251968503935,0.5532406854166538,77.56595825000001
0,note_on,75,D#5,0.25984251968503935,0.553240685416668,78.12151375
0,note_on,82,A#5,0.25984251968503935,0.553240685416668,78.12151375
0,note_on,87,D#6,0.25984251968503935,0.553240685416668,78.12151375
0,note_on,75,D#5,0.25984251968503935,0.5241230166666639,78.67706925
0,note_on,82,A#5,0.25984251968503935,0.5241230166666639,78.67706925
0,note_on,87,D#6,0.25984251968503935,0.5241230166666639,78.67706925
0,note_on,73,C#5,0.25984251968503935,0.5241230166666782,79.20338525
0,note_on,82,A#5,0.25984251968503935,0.5241230166666782,79.20338525
0,note_on,85,C#6,0.25984251968503935,0.5241230166666782,79.20338525
0,note_on,73,C#5,0.25984251968503935,0.5241230166666639,79.72970125
0,note_on,82,A#5,0.25984251968503935,0.5241230166666639,79.72970125
0,note_on,85,C#6,0.25984251968503935,0.5241230166666639,79.72970125
0,note_on,73,C#5,0.25984251968503935,0.49791666666666856,80.25601725
0,note_on,82,A#5,0.25984251968503935,0.49791666666666856,80.25601725
0,note_on,85,C#6,0.25984251968503935,0.49791666666666856,80.25601725
0,note_on,72,C5,0.25984251968503935,0.49791666666666856,80.75601725
0,note_on,78,F#5,0.25984251968503935,0.49791666666666856,80.75601725
0,note_on,82,A#5,0.25984251968503935,0.49791666666666856,80.75601725
0,note_on,84,C6,0.25984251968503935,0.49791666666666856,80.75601725
0,note_on,72,C5,0.25984251968503935,0.49791666666666856,81.25601725
0,note_on,78,F#5,0.25984251968503935,0.49791666666666856,81.25601725
0,note_on,82,A#5,0.25984251968503935,0.49791666666666856,81.25601725
0,note_on,84,C6,0.25984251968503935,0.49791666666666856,81.25601725
0,note_on,72,C5,0.25984251968503935,0.7872810166666682,81.75601725
0,note_on,78,F#5,0.25984251968503935,0.7872810166666682,81.75601725
0,note_on,82,A#5,0.25984251968503935,0.7872810166666682,81.75601725
0,note_on,84,C6,0.25984251968503935,0.7872810166666682,81.75601725
0,note_on,73,C#5,0.25984251968503935,0.8310184354166665,82.54549125
0,note_on,82,A#5,0.25984251968503935,0.8310184354166665,82.54549125
0,note_on,85,C#6,0.25984251968503935,0.8310184354166665,82.54549125
0,note_on,70,A#4,0.25984251968503935,1.6643516854166762,83.3788245
0,note_on,78,F#5,0.25984251968503935,1.6643516854166762,83.3788245
0,note_on,82,A#5,0.25984251968503935,1.6643516854166762,83.3788245
0,note_on,46,A#2,0.25984251968503935,2.0649368354166597,85.045491
0,note_on,77,F5,0.25984251968503935,1.3865739354166635,85.834965
0,note_on,82,A#5,0.25984251968503935,1.3865739354166635,85.834965
0,note_on,89,F6,0.25984251968503935,1.3865739354166635,85.834965
0,note_on,78,F#5,0.25984251968503935,0.5532406854166538,87.22385375
0,note_on,82,A#5,0.25984251968503935,0.5532406854166538,87.22385375
0,note_on,90,F#6,0.25984251968503935,0.5532406854166538,87.22385375
0,note_on,77,F5,0.25984251968503935,0.553240685416668,87.77940925
0,note_on,82,A#5,0.25984251968503935,0.553240685416668,87.77940925
0,note_on,89,F6,0.25984251968503935,0.553240685416668,87.77940925
0,note_on,75,D#5,0.25984251968503935,0.5241230166666639,88.33496475
0,note_on,82,A#5,0.25984251968503935,0.5241230166666639,88.33496475
0,note_on,87,D#6,0.25984251968503935,0.5241230166666639,88.33496475
0,note_on,77,F5,0.25984251968503935,0.5241230166666782,88.86128074999999
0,note_on,82,A#5,0.25984251968503935,0.5241230166666782,88.86128074999999
0,note_on,89,F6,0.25984251968503935,0.5241230166666782,88.86128074999999
0,note_on,75,D#5,0.25984251968503935,0.5241230166666639,89.38759675
0,note_on,82,A#5,0.25984251968503935,0.5241230166666639,89.38759675
0,note_on,87,D#6,0.25984251968503935,0.5241230166666639,89.38759675
0,note_on,73,C#5,0.25984251968503935,0.49791666666666856,89.91391275
0,note_on,82,A#5,0.25984251968503935,0.49791666666666856,89.91391275
0,note_on,85,C#6,0.25984251968503935,0.49791666666666856,89.91391275
0,note_on,75,D#5,0.25984251968503935,0.49791666666666856,90.41391275
0,note_on,82,A#5,0.25984251968503935,0.49791666666666856,90.41391275
0,note_on,87,D#6,0.25984251968503935,0.49791666666666856,90.41391275
0,note_on,73,C#5,0.25984251968503935,0.49791666666666856,90.91391275
0,note_on,82,A#5,0.25984251968503935,0.49791666666666856,90.91391275
0,note_on,85,C#6,0.25984251968503935,0.49791666666666856,90.91391275
0,note_on,82,A#5,0.25984251968503935,0.7872810166666682,91.41391275
0,note_on,84,C6,0.25984251968503935,0.7872810166666682,91.41391275
0,note_on,87,D#6,0.25984251968503935,0.06249999374999504,92.20338674999999
0,note_on,73,C#5,0.25984251968503935,0.7638888124999994,92.26820155833333
0,note_on,82,A#5,0.25984251968503935,0.7638888124999994,92.26820155833333
0,note_on,85,C#6,0.25984251968503935,0.7638888124999994,92.26820155833333
0,note_on,70,A#4,0.25984251968503935,2.375000116666669,93.03671999999999
0,note_on,78,F#5,0.25984251968503935,2.375000116666669,93.03671999999999
0,note_on,82,A#5,0.25984251968503935,2.375000116666669,93.03671999999999
0,note_on,66,F#4,0.2677165354330709,0.7872810166666682,95.49286049999999
0,note_on,78,F#5,0.2677165354330709,0.7872810166666682,95.49286049999999
0,note_on,68,G#4,0.2755905511811024,0.7872810166666682,96.28233449999999
0,note_on,75,D#5,0.2755905511811024,0.7872810166666682,96.28233449999999
0,note_on,80,G#5,0.2755905511811024,0.7872810166666682,96.28233449999999
0,note_on,72,C5,0.28346456692913385,0.7872810166666682,97.07180849999999
0,note_on,84,C6,0.28346456692913385,0.7872810166666682,97.07180849999999
0,note_on,70,A#4,0.2992125984251969,0.7872810166666682,97.86128249999999
0,note_on,78,F#5,0.2992125984251969,0.7872810166666682,97.86128249999999
0,note_on,82,A#5,0.2992125984251969,0.7872810166666682,97.86128249999999
0,note_on,66,F#4,0.30708661417322836,0.787281016666654,98.6507565
0,note_on,78,F#5,0.30708661417322836,0.7478073166666661,98.6507565
0,note_on,66,F#4,0.3228346456692913,0.49791666666666856,99.9402305
0,note_on,72,C5,0.3228346456692913,0.49791666666666856,99.9402305
0,note_on,75,D#5,0.3228346456692913,0.49791666666666856,99.9402305
0,note_on,78,F#5,0.3228346456692913,0.49791666666666856,99.9402305
0,note_on,66,F#4,0.33070866141732286,0.49791666666666856,100.4402305
0,note_on,72,C5,0.33070866141732286,0.49791666666666856,100.4402305
0,note_on,75,D#5,0.33070866141732286,0.49791666666666856,100.4402305
0,note_on,78,F#5,0.33070866141732286,0.49791666666666856,100.4402305
0,note_on,66,F#4,0.33858267716535434,0.49791666666666856,100.9402305
0,note_on,72,C5,0.33858267716535434,0.49791666666666856,100.9402305
0,note_on,75,D#5,0.33858267716535434,0.49791666666666856,100.9402305
0,note_on,78,F#5,0.33858267716535434,0.49791666666666856,100.9402305
0,note_on,66,F#4,0.3464566929133858,0.49791666666666856,101.4402305
0,note_on,72,C5,0.3464566929133858,0.49791666666666856,101.4402305
0,note_on,75,D#5,0.3464566929133858,0.49791666666666856,101.4402305
0,note_on,78,F#5,0.3464566929133858,0.49791666666666856,101.4402305
0,note_on,68,G#4,0.3543307086614173,0.49791666666666856,101.9402305
0,note_on,72,C5,0.3543307086614173,0.49791666666666856,101.9402305
0,note_on,75,D#5,0.3543307086614173,0.49791666666666856,101.9402305
0,note_on,80,G#5,0.3543307086614173,0.49791666666666856,101.9402305
0,note_on,66,F#4,0.36220472440944884,1.4979166666666686,102.4402305
0,note_on,72,C5,0.36220472440944884,1.4979166666666686,102.4402305
0,note_on,75,D#5,0.36220472440944884,1.4979166666666686,102.4402305
0,note_on,78,F#5,0.36220472440944884,1.4979166666666686,102.4402305
0,note_on,66,F#4,0.3858267716535433,0.7123016229166694,104.65451625
0,note_on,78,F#5,0.3858267716535433,0.7123016229166694,104.65451625
0,note_on,73,C#5,0.3858267716535433,1.4285715000000039,104.65451625
0,note_on,68,G#4,0.4015748031496063,0.7123016229166694,105.368802
0,note_on,80,G#5,0.4015748031496063,0.7123016229166694,105.368802
0,note_on,73,C#5,0.4094488188976378,0.7123016229166552,106.08308775
0,note_on,85,C#6,0.4094488188976378,0.7123016229166552,106.08308775
0,note_on,70,A#4,0.41732283464566927,0.7123016229166694,106.79737349999999
0,note_on,82,A#5,0.41732283464566927,0.7123016229166694,106.79737349999999
0,note_on,78,F#5,0.41732283464566927,0.7142857500000019,106.79737349999999
0,note_on,66,F#4,0.4330708661417323,0.67658733541667,107.51165925
0,note_on,78,F#5,0.4330708661417323,0.7123016229166694,107.51165925
0,note_on,66,F#4,0.44881889763779526,0.452651560416669,108.68049049999999
0,note_on,70,A#4,0.44881889763779526,0.452651560416669,108.68049049999999
0,note_on,75,D#5,0.44881889763779526,0.452651560416669,108.68049049999999
0,note_on,78,F#5,0.44881889763779526,0.452651560416669,108.68049049999999
0,note_on,66,F#4,0.4566929133858268,0.452651560416669,109.135036
0,note_on,70,A#4,0.4566929133858268,0.452651560416669,109.135036
0,note_on,75,D#5,0.4566929133858268,0.452651560416669,109.135036
0,note_on,78,F#5,0.4566929133858268,0.452651560416669,109.135036
0,note_on,66,F#4,0.4645669291338583,0.452651560416669,109.5895815
0,note_on,70,A#4,0.4645669291338583,0.452651560416669,109.5895815
0,note_on,75,D#5,0.4645669291338583,0.452651560416669,109.5895815
0,note_on,78,F#5,0.4645669291338583,0.452651560416669,109.5895815
0,note_on,66,F#4,0.4645669291338583,0.452651560416669,110.04412699999999
0,note_on,70,A#4,0.4645669291338583,0.452651560416669,110.04412699999999
0,note_on,75,D#5,0.4645669291338583,0.452651560416669,110.04412699999999
0,note_on,78,F#5,0.4645669291338583,0.452651560416669,110.04412699999999
0,note_on,68,G#4,0.47244094488188976,0.452651560416669,110.4986725
0,note_on,72,C5,0.47244094488188976,0.452651560416669,110.4986725
0,note_on,77,F5,0.47244094488188976,0.452651560416669,110.4986725
0,note_on,80,G#5,0.47244094488188976,0.452651560416669,110.4986725
0,note_on,66,F#4,0.48031496062992124,1.3617425604166726,110.95321799999999
0,note_on,70,A#4,0.48031496062992124,1.3617425604166726,110.95321799999999
0,note_on,75,D#5,0.48031496062992124,1.3617425604166726,110.95321799999999
0,note_on,78,F#5,0.48031496062992124,1.3617425604166726,110.95321799999999
0,note_on,66,F#4,0.5118110236220472,0.6503621562499973,112.96902825
0,note_on,78,F#5,0.5118110236220472,0.6503621562499973,112.96902825
0,note_on,70,A#4,0.5118110236220472,1.954709656250003,112.96902825
0,note_on,73,C#5,0.5118110236220472,1.954709656250003,112.96902825
0,note_on,68,G#4,0.5196850393700787,0.6503621562499973,113.621202
0,note_on,80,G#5,0.5196850393700787,0.6503621562499973,113.621202
0,note_on,75,D#5,0.5354330708661418,0.6503621562500115,114.27337574999999
0,note_on,87,D#6,0.5354330708661418,0.6503621562500115,114.27337574999999
0,note_on,73,C#5,0.5433070866141733,0.6503621562499973,114.92554949999999
0,note_on,85,C#6,0.5433070866141733,0.6503621562499973,114.92554949999999
0,note_on,78,F#5,0.5433070866141733,1.3025359062500002,114.92554949999999
0,note_on,82,A#5,0.5433070866141733,0.6521737500000029,114.92554949999999
0,note_on,70,A#4,0.5511811023622047,0.6177534687499957,115.57772324999999
0,note_on,82,A#5,0.5511811023622047,0.6503621562499973,115.57772324999999
0,note_on,70,A#4,0.5748031496062992,0.4149303895833327,116.6465635
0,note_on,78,F#5,0.5748031496062992,0.4149303895833327,116.6465635
0,note_on,82,A#5,0.5748031496062992,0.4149303895833327,116.6465635
0,note_on,70,A#4,0.5748031496062992,0.4149303895833327,117.06322999999999
0,note_on,78,F#5,0.5748031496062992,0.4149303895833327,117.06322999999999
0,note_on,82,A#5,0.5748031496062992,0.4149303895833327,117.06322999999999
0,note_on,70,A#4,0.5826771653543307,0.4149303895833327,117.4798965
0,note_on,78,F#5,0.5826771653543307,0.4149303895833327,117.4798965
0,note_on,82,A#5,0.5826771653543307,0.4149303895833327,117.4798965
0,note_on,70,A#4,0.5905511811023622,0.4149303895833327,117.896563
0,note_on,78,F#5,0.5905511811023622,0.4149303895833327,117.896563
0,note_on,82,A#5,0.5905511811023622,0.4149303895833327,117.896563
0,note_on,72,C5,0.5984251968503937,0.4149303895833327,118.31322949999999
0,note_on,80,G#5,0.5984251968503937,0.4149303895833327,118.31322949999999
0,note_on,84,C6,0.5984251968503937,0.4149303895833327,118.31322949999999
0,note_on,70,A#4,0.6062992125984252,0.4149303895833327,118.729896
0,note_on,78,F#5,0.6062992125984252,0.4149303895833327,118.729896
0,note_on,82,A#5,0.6062992125984252,0.4149303895833327,118.729896
0,note_on,73,C#5,0.6141732283464567,0.4149303895833327,119.14656249999999
0,note_on,82,A#5,0.6141732283464567,0.4149303895833327,119.14656249999999
0,note_on,85,C#6,0.6141732283464567,0.4149303895833327,119.14656249999999
0,note_on,75,D#5,0.6220472440944882,0.3940970645833346,119.56322899999999
0,note_on,82,A#5,0.6220472440944882,0.3940970645833346,119.56322899999999
0,note_on,87,D#6,0.6220472440944882,0.3940970645833346,119.56322899999999
0,note_on,65,F4,0.25984251968503935,1.71875,129.9287342416667
0,note_on,68,G#4,0.25984251968503935,1.8736979166666572,129.9287342416667
0,note_on,71,B4,0.25984251968503935,0.6236979166666572,131.8037342416667
0,note_on,68,G#4,0.25984251968503935,0.78125,131.8037342416667
0,note_on,73,C#5,0.25984251968503935,0.2955729166666572,132.4287342416667
0,note_on,65,F4,0.25984251968503935,1.71875,132.7412342416667
0,note_on,68,G#4,0.25984251968503935,1.8736979166666572,132.7412342416667
0,note_on,68,G#4,0.25984251968503935,0.6236979166666572,134.6162342416667
0,note_on,71,B4,0.25984251968503935,0.6236979166666572,134.6162342416667
0,note_on,68,G#4,0.25984251968503935,0.2955729166666572,135.2412342416667
0,note_on,65,F4,0.25984251968503935,0.6236979166666572,135.5537342416667
0,note_on,73,C#5,0.25984251968503935,0.6236979166666572,135.5537342416667
0,note_on,68,G#4,0.2677165354330709,0.3111979166666572,136.1787342416667
0,note_on,75,D#5,0.2677165354330709,0.3111979166666572,136.1787342416667
0,note_on,73,C#5,0.2755905511811024,0.9361979166666572,136.4912342416667
0,note_on,77,F5,0.2755905511811024,0.9361979166666572,136.4912342416667
0,note_on,65,F4,0.2992125984251969,0.6236979166666572,137.4287342416667
0,note_on,73,C#5,0.2992125984251969,0.6236979166666572,137.4287342416667
0,note_on,73,C#5,0.31496062992125984,0.2955729166666572,138.0537342416667
0,note_on,77,F5,0.31496062992125984,0.2955729166666572,138.0537342416667
0,note_on,75,D#5,0.3228346456692913,0.3111979166666572,138.3662342416667
0,note_on,79,G5,0.3228346456692913,0.3111979166666572,138.3662342416667
0,note_on,73,C#5,0.3228346456692913,0.3111979166666572,138.6787342416667
0,note_on,77,F5,0.3228346456692913,0.3111979166666572,138.6787342416667
0,note_on,70,A#4,0.33070866141732286,0.3111979166666572,138.9912342416667
0,note_on,73,C#5,0.33070866141732286,0.3111979166666572,138.9912342416667
0,note_on,70,A#4,0.33858267716535434,0.9361979166666572,139.3037342416667
0,note_on,73,C#5,0.33858267716535434,0.9361979166666572,139.3037342416667
0,note_on,67,G4,0.33858267716535434,0.3111979166666572,139.3037342416667
0,note_on,65,F4,0.3464566929133858,0.3111979166666572,139.6162342416667
0,note_on,61,C#4,0.3543307086614173,0.3111979166666572,139.9287342416667
0,note_on,61,C#4,0.36220472440944884,0.4674479166666572,140.2412342416667
0,note_on,58,A#3,0.3700787401574803,0.4440104166666572,140.7099842416667
0,note_on,70,A#4,0.3858267716535433,1.8736979166666572,141.1787342416667
0,note_on,72,C5,0.3858267716535433,0.6236979166666572,143.0537342416667
0,note_on,77,F5,0.3858267716535433,0.2955729166666572,143.6787342416667
0,note_on,68,G#4,0.3858267716535433,0.1471354166666572,143.6787342416667
0,note_on,65,F4,0.3858267716535433,0.1471354166666572,143.8349842416667
0,note_on,70,A#4,0.3858267716535433,1.8736979166666572,143.9912342416667
0,note_on,72,C5,0.3858267716535433,0.6236979166666572,145.8662342416667
0,note_on,77,F5,0.3858267716535433,0.2955729166666572,146.4912342416667
0,note_on,68,G#4,0.3858267716535433,0.1471354166666572,146.4912342416667
0,note_on,65,F4,0.3858267716535433,0.1471354166666572,146.6474842416667
0,note_on,78,F#5,0.3858267716535433,1.4049479166666572,146.8037342416667
0,note_on,66,F#4,0.3858267716535433,0.3111979166666572,147.8974842416667
0,note_on,70,A#4,0.3858267716535433,0.1549479166666572,148.0537342416667
0,note_on,77,F5,0.3858267716535433,0.4674479166666572,148.2099842416667
0,note_on,66,F#4,0.3858267716535433,0.1549479166666572,148.3662342416667
0,note_on,70,A#4,0.3858267716535433,0.1549479166666572,148.5224842416667
0,note_on,74,D5,0.3858267716535433,0.4674479166666572,148.6787342416667
0,note_on,66,F#4,0.3858267716535433,0.1549479166666572,148.8349842416667
0,note_on,70,A#4,0.3858267716535433,0.1549479166666572,148.9912342416667
0,note_on,75,D#5,0.3858267716535433,0.4674479166666572,149.1474842416667
0,note_on,66,F#4,0.3858267716535433,0.1549479166666572,149.3037342416667
0,note_on,70,A#4,0.3858267716535433,0.1549479166666572,149.4599842416667
0,note_on,82,A#5,0.3858267716535433,0.78125,149.6162342416667
0,note_on,80,G#5,0.3858267716535433,0.78125,151.4912342416667
0,note_on,77,F5,0.3858267716535433,1.71875,152.4287342416667
0,note_on,80,G#5,0.3858267716535433,1.8736979166666572,152.4287342416667
0,note_on,80,G#5,0.4251968503937008,0.6236979166666572,154.3037342416667
0,note_on,83,B5,0.4251968503937008,0.6236979166666572,154.3037342416667
0,note_on,85,C#6,0.4330708661417323,0.2955729166666572,154.9287342416667
0,note_on,77,F5,0.4409448818897638,1.71875,155.2412342416667
0,note_on,80,G#5,0.4409448818897638,1.8736979166666572,155.2412342416667
0,note_on,80,G#5,0.4881889763779528,0.6236979166666572,157.1162342416667
0,note_on,83,B5,0.4881889763779528,0.6236979166666572,157.1162342416667
0,note_on,80,G#5,0.49606299212598426,0.2955729166666572,157.7412342416667
0,note_on,85,C#6,0.5039370078740157,0.5870095104166637,158.0537342416667
0,note_on,73,C#5,0.5118110236220472,0.14583326041665146,158.4949104916667
0,note_on,80,G#5,0.5196850393700787,0.2781861354166608,158.6419692416667
0,note_on,76,E5,0.5196850393700787,0.13848032291664936,158.7890279916667
0,note_on,88,E6,0.5275590551181102,0.5870095104166637,158.93608674166668
0,note_on,76,E5,0.5354330708661418,0.14583326041665146,159.3772629916667
0,note_on,85,C#6,0.5433070866141733,0.2781861354166608,159.52432174166668
0,note_on,80,G#5,0.5433070866141733,0.13848032291664936,159.6713804916667
0,note_on,92,G#6,0.5433070866141733,0.5870095104166637,159.81843924166668
0,note_on,80,G#5,0.5590551181102362,0.14583326041665146,160.2596154916667
0,note_on,88,E6,0.5590551181102362,0.27818613541668924,160.40667424166668
0,note_on,83,B5,0.5669291338582677,0.13848032291664936,160.5537329916667
0,note_on,92,G#6,0.5669291338582677,0.8811270104166908,160.70079174166668
0,note_on,90,F#6,0.5905511811023622,1.6752442604166617,161.5831442416667
0,note_on,90,F#6,0.6299212598425197,1.7634795104166585,163.3478492416667
0,note_on,93,A6,0.6692913385826772,0.5870095104166637,165.1125542416667
0,note_on,97,C#7,0.6850393700787402,0.2781861354166608,165.70078924166668
0,note_on,78,F#5,0.6929133858267716,1.763479510416687,165.99490674166668
0,note_on,81,A5,0.7322834645669292,0.5870095104166637,167.7596117416667
0,note_on,85,C#6,0.7480314960629921,0.2781861354166608,168.3478467416667
0,note_on,85,C#6,0.7559055118110236,0.292892010416665,168.6419642416667
0,note_on,88,E6,0.7559055118110236,0.292892010416665,168.6419642416667
0,note_on,83,B5,0.7559055118110236,0.292892010416665,168.9360817416667
0,note_on,87,D#6,0.7559055118110236,0.292892010416665,168.9360817416667
0,note_on,81,A5,0.7559055118110236,0.292892010416665,169.2301992416667
0,note_on,85,C#6,0.7559055118110236,0.292892010416665,169.2301992416667
0,note_on,80,G#5,0.7559055118110236,0.43995076041665016,169.5243167416667
0,note_on,83,B5,0.7559055118110236,0.43995076041665016,169.5243167416667
0,note_on,78,F#5,0.7559055118110236,0.7340682604166773,169.96549299166668
0,note_on,81,A5,0.7559055118110236,0.7340682604166773,169.96549299166668
0,note_on,76,E5,0.7559055118110236,0.292892010416665,170.7007867416667
0,note_on,80,G#5,0.7559055118110236,0.292892010416665,170.7007867416667
0,note_on,75,D#5,0.7559055118110236,0.2781861354166608,170.9949042416667
0,note_on,78,F#5,0.7559055118110236,0.2781861354166608,170.9949042416667
0,note_on,73,C#5,0.7559055118110236,0.292892010416665,171.2890217416667
0,note_on,76,E5,0.7559055118110236,0.292892010416665,171.2890217416667
0,note_on,71,B4,0.7007874015748031,0.292892010416665,171.5831392416667
0,note_on,75,D#5,0.7007874015748031,0.292892010416665,171.5831392416667
0,note_on,69,A4,0.6456692913385826,0.292892010416665,171.87725674166668
0,note_on,73,C#5,0.6456692913385826,0.292892010416665,171.87725674166668
0,note_on,68,G#4,0.5905511811023622,0.292892010416665,172.17137424166668
0,note_on,71,B4,0.5905511811023622,0.292892010416665,172.17137424166668
0,note_on,66,F#4,0.5354330708661418,0.292892010416665,172.46549174166668
0,note_on,69,A4,0.5354330708661418,0.292892010416665,172.46549174166668
0,note_on,64,E4,0.48031496062992124,0.5870095104166637,172.75960924166668
0,note_on,68,G#4,0.48031496062992124,0.5870095104166637,172.75960924166668
0,note_on,57,A3,0.4251968503937008,0.8811270104166908,173.05372674166668
0,note_on,63,D#4,0.3700787401574803,0.292892010416665,173.34784424166668
0,note_on,66,F#4,0.3700787401574803,0.292892010416665,173.34784424166668
0,note_on,61,C#4,0.31496062992125984,0.2781861354166608,173.6419617416667
0,note_on,64,E4,0.31496062992125984,0.2781861354166608,173.6419617416667
0,note_on,61,C#4,0.25984251968503935,1.470587500000022,173.93607924166668
0,note_on,63,D#4,0.25984251968503935,1.763479510416687,173.93607924166668
0,note_on,54,F#3,0.25984251968503935,0.5870095104166921,173.93607924166668
0,note_on,56,G#3,0.25984251968503935,0.292892010416665,174.5243142416667
0,note_on,58,A#3,0.25984251968503935,0.5870095104166637,174.8184317416667
0,note_on,61,C#4,0.25984251968503935,0.292892010416665,175.4066667416667
0,note_on,63,D#4,0.25984251968503935,0.5870095104166637,175.7007842416667
0,note_on,66,F#4,0.25984251968503935,0.5870095104166637,175.7007842416667
0,note_on,60,C4,0.25984251968503935,0.8811270104166624,175.7007842416667
0,note_on,63,D#4,0.25984251968503935,0.2781861354166608,176.2890192416667
0,note_on,66,F#4,0.25984251968503935,0.2781861354166608,176.2890192416667
0,note_on,70,A#4,0.25984251968503935,0.2781861354166608,176.2890192416667
0,note_on,61,C#4,0.25984251968503935,1.4705874999999935,176.5831367416667
0,note_on,63,D#4,0.25984251968503935,1.7634795104166585,176.5831367416667
0,note_on,54,F#3,0.25984251968503935,0.5870095104166637,176.5831367416667
0,note_on,56,G#3,0.25984251968503935,0.292892010416665,177.1713717416667
0,note_on,58,A#3,0.25984251968503935,0.5870095104166637,177.4654892416667
0,note_on,61,C#4,0.25984251968503935,0.292892010416665,178.05372424166669
0,note_on,63,D#4,0.25984251968503935,0.5870095104166637,178.34784174166668
0,note_on,66,F#4,0.25984251968503935,0.5870095104166637,178.34784174166668
0,note_on,60,C4,0.25984251968503935,0.8811270104166624,178.34784174166668
0,note_on,63,D#4,0.25984251968503935,0.27818613541668924,178.93607674166668
0,note_on,66,F#4,0.25984251968503935,0.5723036354166879,178.93607674166668
0,note_on,70,A#4,0.25984251968503935,0.5723036354166879,178.93607674166668
0,note_on,61,C#4,0.25984251968503935,0.29289201041669344,179.23019424166668
0,note_on,68,G#4,0.25984251968503935,0.292892010416665,179.52431174166668
0,note_on,72,C5,0.25984251968503935,0.292892010416665,179.52431174166668
0,note_on,77,F5,0.25984251968503935,0.292892010416665,179.52431174166668
0,note_on,66,F#4,0.25984251968503935,0.292892010416665,179.8184292416667
0,note_on,70,A#4,0.25984251968503935,0.292892010416665,179.8184292416667
0,note_on,75,D#5,0.25984251968503935,0.292892010416665,179.8184292416667
0,note_on,66,F#4,0.25984251968503935,0.8811270104166908,180.11254674166668
0,note_on,70,A#4,0.25984251968503935,0.8811270104166908,180.11254674166668
0,note_on,61,C#4,0.25984251968503935,0.29289201041669344,180.11254674166668
0,note_on,58,A#3,0.25984251968503935,0.292892010416665,180.4066642416667
0,note_on,61,C#4,0.25984251968503935,0.292892010416665,180.7007817416667
0,note_on,66,F#4,0.25984251968503935,0.8370093854166498,180.9948992416667
0,note_on,68,G#4,0.25984251968503935,0.8370093854166498,180.9948992416667
0,note_on,58,A#3,0.25984251968503935,0.2781861354166608,180.9948992416667
0,note_on,60,C4,0.25984251968503935,0.2781861354166608,181.2890167416667
0,note_on,63,D#4,0.25984251968503935,0.2781861354166608,181.5831342416667
0,note_on,61,C#4,0.25984251968503935,0.292892010416665,181.8772517416667
0,note_on,66,F#4,0.25984251968503935,0.292892010416665,181.8772517416667
0,note_on,70,A#4,0.25984251968503935,0.292892010416665,181.8772517416667
0,note_on,68,G#4,0.25984251968503935,0.292892010416665,182.1713692416667
0,note_on,72,C5,0.25984251968503935,0.292892010416665,182.1713692416667
0,note_on,77,F5,0.25984251968503935,0.292892010416665,182.1713692416667
0,note_on,66,F#4,0.25984251968503935,0.292892010416665,182.4654867416667
0,note_on,70,A#4,0.25984251968503935,0.292892010416665,182.4654867416667
0,note_on,75,D#5,0.25984251968503935,0.292892010416665,182.4654867416667
0,note_on,66,F#4,0.25984251968503935,0.8811270104166624,182.7596042416667
0,note_on,70,A#4,0.25984251968503935,0.8811270104166624,182.7596042416667
0,note_on,61,C#4,0.25984251968503935,0.292892010416665,182.7596042416667
0,note_on,58,A#3,0.25984251968503935,0.292892010416665,183.0537217416667
0,note_on,61,C#4,0.25984251968503935,0.292892010416665,183.3478392416667
0,note_on,66,F#4,0.25984251968503935,0.8370093854166782,183.6419567416667
0,note_on,68,G#4,0.25984251968503935,0.8370093854166782,183.6419567416667
0,note_on,58,A#3,0.25984251968503935,0.2781861354166608,183.6419567416667
0,note_on,60,C4,0.25984251968503935,0.2781861354166608,183.9360742416667
0,note_on,63,D#4,0.25984251968503935,0.27818613541668924,184.2301917416667
0,note_on,75,D#5,0.25984251968503935,1.763479510416687,184.52430924166669
0,note_on,63,D#4,0.25984251968503935,0.14583326041665146,184.6713679916667
0,note_on,66,F#4,0.25984251968503935,0.14583326041667988,184.81842674166668
0,note_on,70,A#4,0.25984251968503935,0.14583326041665146,184.9654854916667
0,note_on,66,F#4,0.25984251968503935,0.14583326041667988,185.11254424166668
0,note_on,63,D#4,0.25984251968503935,0.14583326041665146,185.2596029916667
0,note_on,63,D#4,0.25984251968503935,0.14583326041667988,185.5537204916667
0,note_on,66,F#4,0.25984251968503935,0.14583326041667988,185.70077924166668
0,note_on,70,A#4,0.25984251968503935,0.14583326041665146,185.8478379916667
0,note_on,66,F#4,0.25984251968503935,0.14583326041665146,185.9948967416667
0,note_on,63,D#4,0.25984251968503935,0.14583326041667988,186.1419554916667
0,note_on,78,F#5,0.25984251968503935,0.5870095104166921,186.28901424166668
0,note_on,82,A#5,0.25984251968503935,0.2781861354166608,186.8772492416667
0,note_on,75,D#5,0.25984251968503935,1.7634795104166585,187.1713667416667
0,note_on,63,D#4,0.25984251968503935,0.14583326041667988,187.3184254916667
0,note_on,66,F#4,0.25984251968503935,0.14583326041665146,187.4654842416667
0,note_on,70,A#4,0.25984251968503935,0.14583326041667988,187.6125429916667
0,note_on,66,F#4,0.25984251968503935,0.14583326041665146,187.7596017416667
0,note_on,63,D#4,0.25984251968503935,0.14583326041667988,187.90666049166668
0,note_on,63,D#4,0.25984251968503935,0.14583326041667988,188.20077799166668
0,note_on,66,F#4,0.25984251968503935,0.14583326041665146,188.3478367416667
0,note_on,70,A#4,0.25984251968503935,0.14583326041667988,188.49489549166668
0,note_on,66,F#4,0.25984251968503935,0.14583326041665146,188.6419542416667
0,note_on,63,D#4,0.25984251968503935,0.14583326041667988,188.78901299166668
0,note_on,78,F#5,0.25984251968503935,0.5870095104166637,188.9360717416667
0,note_on,82,A#5,0.25984251968503935,0.2781861354166608,189.5243067416667
0,note_on,87,D#6,0.25984251968503935,3.528184510416679,189.8184242416667
0,note_on,85,C#6,0.25984251968503935,0.8811270104166624,193.3478342416667
0,note_on,87,D#6,0.25984251968503935,0.8370093854166498,194.2301867416667
0,note_on,89,F6,0.1889763779527559,1.1234404958333357,196.2375422416667
0,note_on,92,G#6,0.1889763779527559,1.1234404958333357,196.2375422416667
0,note_on,89,F6,0.1889763779527559,1.4984414958333332,197.3625452416667
0,note_on,84,C6,0.1889763779527559,0.37343849583334077,198.8625492416667
0,note_on,87,D#6,0.1889763779527559,0.37343849583334077,198.8625492416667
0,note_on,85,C#6,0.1889763779527559,0.37343849583334077,199.2375502416667
0,note_on,89,F6,0.1889763779527559,0.37343849583334077,199.2375502416667
0,note_on,84,C6,0.1889763779527559,2.510944195833332,199.6125512416667
0,note_on,87,D#6,0.1889763779527559,2.510944195833332,199.6125512416667
0,note_on,82,A#5,0.1889763779527559,0.37343849583331234,202.2375582416667
0,note_on,85,C#6,0.1889763779527559,0.37343849583331234,202.2375582416667
0,note_on,84,C6,0.1889763779527559,0.37343849583334077,202.6125592416667
0,note_on,87,D#6,0.1889763779527559,0.37343849583334077,202.6125592416667
0,note_on,82,A#5,0.1889763779527559,0.5609389958333395,202.9875602416667
0,note_on,85,C#6,0.1889763779527559,0.5609389958333395,202.9875602416667
0,note_on,85,C#6,0.1889763779527559,1.1234404958333357,203.5500617416667
0,note_on,89,F6,0.1889763779527559,1.1234404958333357,203.5500617416667
0,note_on,82,A#5,0.1889763779527559,0.935939995833337,204.6750647416667
0,note_on,85,C#6,0.1889763779527559,0.935939995833337,204.6750647416667
0,note_on,80,G#5,0.1889763779527559,0.37343849583334077,205.61256724166668
0,note_on,84,C6,0.1889763779527559,0.37343849583334077,205.61256724166668
0,note_on,82,A#5,0.1889763779527559,0.37343849583331234,205.9875682416667
0,note_on,85,C#6,0.1889763779527559,0.37343849583331234,205.9875682416667
0,note_on,80,G#5,0.1889763779527559,2.1359431958333346,206.3625692416667
0,note_on,84,C6,0.1889763779527559,2.1359431958333346,206.3625692416667
0,note_on,78,F#5,0.1889763779527559,0.37343849583334077,208.9875762416667
0,note_on,82,A#5,0.1889763779527559,0.37343849583334077,208.9875762416667
0,note_on,80,G#5,0.1889763779527559,0.37343849583334077,209.36257724166668
0,note_on,84,C6,0.1889763779527559,0.37343849583334077,209.36257724166668
0,note_on,82,A#5,0.1889763779527559,0.37343849583334077,209.73757824166668
0,note_on,78,F#5,0.1889763779527559,1.1234404958333357,209.73757824166668
0,note_on,87,D#6,0.1889763779527559,0.37343849583331234,210.1125792416667
0,note_on,82,A#5,0.1889763779527559,0.37343849583331234,210.4875802416667
0,note_on,80,G#5,0.1889763779527559,0.37343849583331234,210.8625812416667
0,note_on,77,F5,0.1889763779527559,1.4984414958333332,210.8625812416667
0,note_on,82,A#5,0.1889763779527559,0.37343849583334077,211.2375822416667
0,note_on,80,G#5,0.1889763779527559,0.729689445833344,211.6125832416667
0,note_on,75,D#5,0.1889763779527559,0.37343849583334077,212.3625852416667
0,note_on,78,F#5,0.1889763779527559,0.37343849583334077,212.3625852416667
0,note_on,77,F5,0.1889763779527559,0.37343849583334077,212.7375862416667
0,note_on,80,G#5,0.1889763779527559,0.37343849583334077,212.7375862416667
0,note_on,75,D#5,0.1889763779527559,1.1234404958333357,213.1125872416667
0,note_on,78,F#5,0.1889763779527559,1.1234404958333357,213.1125872416667
0,note_on,69,A4,0.1889763779527559,1.0671903458333531,214.23759024166668
0,note_on,77,F5,0.1889763779527559,1.4421913458333506,214.23759024166668
0,note_on,73,C#5,0.1889763779527559,0.37343849583331234,215.7375942416667
0,note_on,77,F5,0.1889763779527559,0.37343849583331234,215.7375942416667
0,note_on,75,D#5,0.1889763779527559,0.37343849583334077,216.1125952416667
0,note_on,78,F#5,0.1889763779527559,0.37343849583334077,216.1125952416667
0,note_on,77,F5,0.1889763779527559,0.37343849583334077,216.4875962416667
0,note_on,73,C#5,0.1889763779527559,1.1234404958333357,216.4875962416667
0,note_on,82,A#5,0.1889763779527559,0.37343849583334077,216.8625972416667
0,note_on,77,F5,0.1889763779527559,0.37343849583334077,217.2375982416667
0,note_on,75,D#5,0.1889763779527559,0.37343849583334077,217.6125992416667
0,note_on,73,C#5,0.1889763779527559,1.1234404958333357,217.6125992416667
0,note_on,77,F5,0.1889763779527559,0.37343849583334077,217.98760024166668
0,note_on,75,D#5,0.1889763779527559,0.7484394958333098,218.3626012416667
0,note_on,70,A#4,0.1889763779527559,0.37343849583331234,219.1126032416667
0,note_on,73,C#5,0.1889763779527559,0.37343849583331234,219.1126032416667
0,note_on,72,C5,0.1889763779527559,0.37343849583334077,219.4876042416667
0,note_on,75,D#5,0.1889763779527559,0.37343849583334077,219.4876042416667
0,note_on,70,A#4,0.1889763779527559,1.1234404958333357,219.8626052416667
0,note_on,73,C#5,0.1889763779527559,1.1234404958333357,219.8626052416667
0,note_on,68,G#4,0.1889763779527559,1.0671903458333247,220.9876082416667
0,note_on,72,C5,0.1889763779527559,1.0671903458333247,220.9876082416667
0,note_on,77,F5,0.25984251968503935,1.1234404958333073,223.2376142416667
0,note_on,80,G#5,0.25984251968503935,1.1234404958333073,223.2376142416667
0,note_on,73,C#5,0.25984251968503935,1.4984414958333332,224.3626172416667
0,note_on,77,F5,0.25984251968503935,1.4984414958333332,224.3626172416667
0,note_on,75,D#5,0.25984251968503935,0.37343849583334077,225.8626212416667
0,note_on,66,F#4,0.25984251968503935,2.8859451958333295,225.8626212416667
0,note_on,70,A#4,0.25984251968503935,2.8859451958333295,225.8626212416667
0,note_on,77,F5,0.25984251968503935,0.37343849583334077,226.23762224166668
0,note_on,75,D#5,0.25984251968503935,2.492194145833338,226.61262324166668
0,note_on,61,C#4,0.25984251968503935,0.37343849583334077,229.2376302416667
0,note_on,73,C#5,0.25984251968503935,0.37343849583334077,229.2376302416667
0,note_on,68,G#4,0.25984251968503935,0.7484394958333382,229.2376302416667
0,note_on,63,D#4,0.25984251968503935,0.37343849583334077,229.6126312416667
0,note_on,75,D#5,0.25984251968503935,0.37343849583334077,229.6126312416667
0,note_on,68,G#4,0.25984251968503935,1.1234404958333357,229.9876322416667
0,note_on,77,F5,0.25984251968503935,1.1234404958333357,229.9876322416667
0,note_on,80,G#5,0.25984251968503935,1.1234404958333357,229.9876322416667
0,note_on,65,F4,0.25984251968503935,1.1234404958333357,231.11263524166668
0,note_on,73,C#5,0.25984251968503935,1.1234404958333357,231.11263524166668
0,note_on,77,F5,0.25984251968503935,1.4984414958333332,231.11263524166668
0,note_on,75,D#5,0.25984251968503935,0.37343849583331234,232.6126392416667
0,note_on,65,F4,0.25984251968503935,2.998445495833323,232.6126392416667
0,note_on,70,A#4,0.25984251968503935,2.998445495833323,232.6126392416667
0,note_on,77,F5,0.25984251968503935,0.37343849583334077,232.9876402416667
0,note_on,75,D#5,0.25984251968503935,1.1234404958333357,233.3626412416667
0,note_on,73,C#5,0.25984251968503935,1.0671903458333247,234.4876442416667
0,note_on,61,C#4,0.25984251968503935,0.37343849583331234,235.9876482416667
0,note_on,56,G#3,0.25984251968503935,0.7484394958333382,235.9876482416667
0,note_on,63,D#4,0.25984251968503935,0.37343849583334077,236.3626492416667
0,note_on,61,C#4,0.25984251968503935,1.1234404958333357,236.7376502416667
0,note_on,65,F4,0.25984251968503935,1.1234404958333357,236.7376502416667
0,note_on,70,A#4,0.25984251968503935,1.1234404958333357,236.7376502416667
0,note_on,56,G#3,0.25984251968503935,1.0671903458333247,237.8626532416667
0,note_on,61,C#4,0.25984251968503935,1.0671903458333247,237.8626532416667
0,note_on,65,F4,0.25984251968503935,1.0671903458333247,237.8626532416667
0,note_on,66,F#4,0.25984251968503935,0.37343849583334077,239.36265724166668
0,note_on,58,A#3,0.25984251968503935,0.7484394958333382,239.36265724166668
0,note_on,61,C#4,0.25984251968503935,0.7484394958333382,239.36265724166668
0,note_on,68,G#4,0.25984251968503935,0.37343849583334077,239.73765824166668
0,note_on,73,C#5,0.25984251968503935,1.1234404958333357,240.11265924166668
0,note_on,66,F#4,0.25984251968503935,1.1234404958333357,240.11265924166668
0,note_on,70,A#4,0.25984251968503935,1.1234404958333357,240.11265924166668
0,note_on,70,A#4,0.25984251968503935,1.0671903458333247,241.2376622416667
0,note_on,61,C#4,0.25984251968503935,1.0671903458333247,241.2376622416667
0,note_on,66,F#4,0.25984251968503935,1.0671903458333247,241.2376622416667
0,note_on,70,A#4,0.25984251968503935,0.37343849583334077,242.7376662416667
0,note_on,60,C4,0.25984251968503935,0.7484394958333382,242.7376662416667
0,note_on,66,F#4,0.25984251968503935,0.7484394958333382,242.7376662416667
0,note_on,72,C5,0.25984251968503935,0.37343849583334077,243.11266724166668
0,note_on,77,F5,0.25984251968503935,1.1234404958333357,243.48766824166668
0,note_on,68,G#4,0.25984251968503935,1.1234404958333357,243.48766824166668
0,note_on,72,C5,0.25984251968503935,1.1234404958333357,243.48766824166668
0,note_on,60,C4,0.25984251968503935,1.0671903458333247,244.6126712416667
0,note_on,66,F#4,0.25984251968503935,1.0671903458333247,244.6126712416667
0,note_on,68,G#4,0.25984251968503935,1.0671903458333247,244.6126712416667
0,note_on,71,B4,0.23622047244094488,1.069940904166657,249.67739874166668
0,note_on,68,G#4,0.23622047244094488,1.069940904166657,249.67739874166668
0,note_on,73,C#5,0.2283464566929134,1.0540127145833367,250.74882774166667
0,note_on,64,E4,0.2283464566929134,1.0540127145833367,250.74882774166667
0,note_on,83,B5,0.1889763779527559,1.3617425604166442,256.76813274166665
0,note_on,80,G#5,0.1889763779527559,2.7902238729166697,256.76813274166665
0,note_on,85,C#6,0.18110236220472442,1.3551587979166584,258.13176924166663
0,note_on,83,B5,0.1732283464566929,1.4979166666666401,259.5603407416666
0,note_on,80,G#5,0.1732283464566929,3.0767550166666524,259.5603407416666
0,note_on,85,C#6,0.16535433070866143,1.5767550166666524,261.0603407416666
0,note_on,88,E6,0.15748031496062992,1.5810183604166923,262.63928874166663
0,note_on,89,F6,0.14960629921259844,5.336928297916643,264.30595524166665
0,note_on,92,G#6,0.14960629921259844,5.336928297916643,264.30595524166665
1,note_on,65,F4,0.25984251968503935,4.747395833333333,0.625
1,note_on,68,G#4,0.25984251968503935,4.747395833333333,0.625
1,note_on,66,F#4,0.25984251968503935,5.341145833333334,5.625
1,note_on,69,A4,0.25984251968503935,5.341145833333334,5.625
1,note_on,65,F4,0.25984251968503935,5.341145833333336,11.25
1,note_on,68,G#4,0.25984251968503935,5.341145833333336,11.25
1,note_on,63,D#4,0.25984251968503935,5.341145833333336,16.875
1,note_on,66,F#4,0.25984251968503935,5.341145833333336,16.875
1,note_on,63,D#4,0.25984251968503935,3.4872426312499982,22.5
1,note_on,61,C#4,0.25984251968503935,3.4872426312499982,22.5
1,note_on,63,D#4,0.25984251968503935,1.7423458062500004,26.173467
1,note_on,60,C4,0.25984251968503935,1.7423458062500004,26.173467
1,note_on,61,C#4,0.25984251968503935,3.487242631250002,28.0102005
1,note_on,58,A#3,0.25984251968503935,3.487242631250002,28.0102005
1,note_on,60,C4,0.25984251968503935,1.7423458062500004,31.6836675
1,note_on,57,A3,0.25984251968503935,1.7423458062500004,31.6836675
1,note_on,58,A#3,0.25984251968503935,5.127499999999998,33.520401
1,note_on,56,G#3,0.25984251968503935,3.417499999999997,33.520401
1,note_on,54,F#3,0.25984251968503935,1.707499999999996,37.120401
1,note_on,56,G#3,0.25984251968503935,3.417500000000004,38.920401
1,note_on,53,F3,0.25984251968503935,3.417500000000004,38.920401
1,note_on,54,F#3,0.25984251968503935,1.7075000000000031,42.520401
1,note_on,51,D#3,0.25984251968503935,0.8524999999999991,42.520401
1,note_on,44,G#2,0.25984251968503935,1.441666856249995,43.420401
1,note_on,37,C#2,0.25984251968503935,0.5857845187500033,44.320401
1,note_on,53,F3,0.25984251968503935,0.5857845187499962,44.9086365
1,note_on,56,G#3,0.25984251968503935,0.5857845187499962,44.9086365
1,note_on,65,F4,0.25984251968503935,3.9387268687500026,45.496871999999996
1,note_on,68,G#4,0.25984251968503935,3.9387268687500026,45.496871999999996
1,note_on,42,F#2,0.25984251968503935,3.3504913687499993,49.6145205
1,note_on,49,C#3,0.25984251968503935,0.5882354999999961,49.6145205
1,note_on,49,C#3,0.25984251968503935,4.468138818750006,50.202755999999994
1,note_on,54,F#3,0.25984251968503935,4.468138818750006,50.202755999999994
1,note_on,58,A#3,0.25984251968503935,4.468138818750006,50.202755999999994
1,note_on,61,C#4,0.25984251968503935,4.468138818750006,50.202755999999994
1,note_on,41,F2,0.25984251968503935,3.286057254166664,54.90864
1,note_on,49,C#3,0.25984251968503935,3.286057254166664,54.90864
1,note_on,53,F3,0.25984251968503935,1.1514421541666664,55.485563
1,note_on,56,G#3,0.25984251968503935,1.1514421541666664,55.485563
1,note_on,61,C#4,0.25984251968503935,1.7283651541666671,56.639409
1,note_on,65,F4,0.25984251968503935,1.7283651541666671,56.639409
1,note_on,56,G#3,0.25984251968503935,1.641826704166668,58.370177999999996
1,note_on,61,C#4,0.25984251968503935,1.641826704166668,58.370177999999996
1,note_on,42,F#2,0.25984251968503935,3.2860572541666713,60.100947
1,note_on,49,C#3,0.25984251968503935,0.5769230000000007,60.100947
1,note_on,49,C#3,0.25984251968503935,4.382210954166666,60.67787
1,note_on,54,F#3,0.25984251968503935,4.382210954166666,60.67787
1,note_on,58,A#3,0.25984251968503935,4.382210954166666,60.67787
1,note_on,61,C#4,0.25984251968503935,4.382210954166666,60.67787
1,note_on,44,G#2,0.25984251968503935,4.837266408333335,65.293254
1,note_on,53,F3,0.28346456692913385,1.0731137083333238,65.85929200000001
1,note_on,59,B3,0.28346456692913385,1.0731137083333238,65.85929200000001
1,note_on,59,B3,0.33070866141732286,2.148585908333331,66.99136800000001
1,note_on,61,C#4,0.33070866141732286,2.148585908333331,66.99136800000001
1,note_on,65,F4,0.33070866141732286,2.148585908333331,66.99136800000001
1,note_on,46,A#2,0.33070866141732286,3.164351535416671,70.387596
1,note_on,63,D#4,0.33070866141732286,1.8449072229166745,70.9431515
1,note_on,53,F3,0.33070866141732286,4.219906985416671,70.9431515
1,note_on,58,A#3,0.33070866141732286,4.219906985416671,70.9431515
1,note_on,61,C#4,0.33070866141732286,2.3726849479166674,72.88759575
1,note_on,27,D#1,0.25984251968503935,3.1204922854166597,75.3875955
1,note_on,39,D#2,0.25984251968503935,3.1204922854166597,75.3875955
1,note_on,65,F4,0.25984251968503935,1.3587961604166736,76.1770695
1,note_on,66,F#4,0.25984251968503935,1.3587961604166736,76.1770695
1,note_on,70,A#4,0.25984251968503935,1.3587961604166736,76.1770695
1,note_on,63,D#4,0.25984251968503935,0.5532406854166538,77.56595825000001
1,note_on,66,F#4,0.25984251968503935,0.5532406854166538,77.56595825000001
1,note_on,70,A#4,0.25984251968503935,0.5532406854166538,77.56595825000001
1,note_on,63,D#4,0.25984251968503935,0.553240685416668,78.12151375
1,note_on,66,F#4,0.25984251968503935,0.553240685416668,78.12151375
1,note_on,70,A#4,0.25984251968503935,0.553240685416668,78.12151375
1,note_on,63,D#4,0.25984251968503935,0.5241230166666639,78.67706925
1,note_on,66,F#4,0.25984251968503935,0.5241230166666639,78.67706925
1,note_on,70,A#4,0.25984251968503935,0.5241230166666639,78.67706925
1,note_on,61,C#4,0.25984251968503935,0.5241230166666782,79.20338525
1,note_on,66,F#4,0.25984251968503935,0.5241230166666782,79.20338525
1,note_on,70,A#4,0.25984251968503935,0.5241230166666782,79.20338525
1,note_on,61,C#4,0.25984251968503935,0.5241230166666639,79.72970125
1,note_on,66,F#4,0.25984251968503935,0.5241230166666639,79.72970125
1,note_on,70,A#4,0.25984251968503935,0.5241230166666639,79.72970125
1,note_on,61,C#4,0.25984251968503935,0.49791666666666856,80.25601725
1,note_on,66,F#4,0.25984251968503935,0.49791666666666856,80.25601725
1,note_on,70,A#4,0.25984251968503935,0.49791666666666856,80.25601725
1,note_on,60,C4,0.25984251968503935,0.49791666666666856,80.75601725
1,note_on,66,F#4,0.25984251968503935,0.49791666666666856,80.75601725
1,note_on,70,A#4,0.25984251968503935,0.49791666666666856,80.75601725
1,note_on,60,C4,0.25984251968503935,0.49791666666666856,81.25601725
1,note_on,66,F#4,0.25984251968503935,0.49791666666666856,81.25601725
1,note_on,70,A#4,0.25984251968503935,0.49791666666666856,81.25601725
1,note_on,60,C4,0.25984251968503935,0.7872810166666682,81.75601725
1,note_on,66,F#4,0.25984251968503935,0.7872810166666682,81.75601725
1,note_on,70,A#4,0.25984251968503935,0.7872810166666682,81.75601725
1,note_on,61,C#4,0.25984251968503935,0.8310184354166665,82.54549125
1,note_on,66,F#4,0.25984251968503935,0.8310184354166665,82.54549125
1,note_on,70,A#4,0.25984251968503935,0.8310184354166665,82.54549125
1,note_on,58,A#3,0.25984251968503935,1.6643516854166762,83.3788245
1,note_on,61,C#4,0.25984251968503935,1.6643516854166762,83.3788245
1,note_on,66,F#4,0.25984251968503935,1.6643516854166762,83.3788245
1,note_on,27,D#1,0.25984251968503935,3.1204922854166597,85.045491
1,note_on,39,D#2,0.25984251968503935,3.1204922854166597,85.045491
1,note_on,65,F4,0.25984251968503935,1.3171294979166674,85.834965
1,note_on,66,F#4,0.25984251968503935,1.3171294979166674,85.834965
1,note_on,70,A#4,0.25984251968503935,1.3171294979166674,85.834965
1,note_on,66,F#4,0.25984251968503935,0.5254629104166639,87.22385375
1,note_on,70,A#4,0.25984251968503935,0.5254629104166639,87.22385375
1,note_on,75,D#5,0.25984251968503935,0.5254629104166639,87.22385375
1,note_on,65,F4,0.25984251968503935,0.5254629104166639,87.77940925
1,note_on,66,F#4,0.25984251968503935,0.5254629104166639,87.77940925
1,note_on,70,A#4,0.25984251968503935,0.5254629104166639,87.77940925
1,note_on,63,D#4,0.25984251968503935,0.49780721666667205,88.33496475
1,note_on,66,F#4,0.25984251968503935,0.49780721666667205,88.33496475
1,note_on,70,A#4,0.25984251968503935,0.49780721666667205,88.33496475
1,note_on,65,F4,0.25984251968503935,0.49780721666667205,88.86128074999999
1,note_on,66,F#4,0.25984251968503935,0.49780721666667205,88.86128074999999
1,note_on,70,A#4,0.25984251968503935,0.49780721666667205,88.86128074999999
1,note_on,63,D#4,0.25984251968503935,0.49780721666665784,89.38759675
1,note_on,66,F#4,0.25984251968503935,0.49780721666665784,89.38759675
1,note_on,70,A#4,0.25984251968503935,0.49780721666665784,89.38759675
1,note_on,61,C#4,0.25984251968503935,0.4729166666666629,89.91391275
1,note_on,66,F#4,0.25984251968503935,0.4729166666666629,89.91391275
1,note_on,70,A#4,0.25984251968503935,0.4729166666666629,89.91391275
1,note_on,63,D#4,0.25984251968503935,0.4729166666666629,90.41391275
1,note_on,66,F#4,0.25984251968503935,0.4729166666666629,90.41391275
1,note_on,70,A#4,0.25984251968503935,0.4729166666666629,90.41391275
1,note_on,61,C#4,0.25984251968503935,0.4729166666666629,90.91391275
1,note_on,66,F#4,0.25984251968503935,0.4729166666666629,90.91391275
1,note_on,70,A#4,0.25984251968503935,0.4729166666666629,90.91391275
1,note_on,60,C4,0.25984251968503935,0.7478073166666661,91.41391275
1,note_on,66,F#4,0.25984251968503935,0.7478073166666661,91.41391275
1,note_on,70,A#4,0.25984251968503935,0.7478073166666661,91.41391275
1,note_on,61,C#4,0.25984251968503935,0.7893517729166604,92.20338674999999
1,note_on,66,F#4,0.25984251968503935,0.7893517729166604,92.20338674999999
1,note_on,70,A#4,0.25984251968503935,0.7893517729166604,92.20338674999999
1,note_on,58,A#3,0.25984251968503935,1.581018360416678,93.03671999999999
1,note_on,63,D#4,0.25984251968503935,1.581018360416678,93.03671999999999
1,note_on,66,F#4,0.25984251968503935,1.581018360416678,93.03671999999999
1,note_on,32,G#1,0.25984251968503935,2.9978082166666695,94.7033865
1,note_on,44,G#2,0.25984251968503935,2.9978082166666695,94.7033865
1,note_on,54,F#3,0.2677165354330709,0.7872810166666682,95.49286049999999
1,note_on,56,G#3,0.2755905511811024,0.7872810166666682,96.28233449999999
1,note_on,60,C4,0.2755905511811024,0.7894739999999985,96.28233449999999
1,note_on,63,D#4,0.2755905511811024,1.5767550166666666,96.28233449999999
1,note_on,60,C4,0.28346456692913385,0.7872810166666682,97.07180849999999
1,note_on,58,A#3,0.2992125984251969,0.7872810166666682,97.86128249999999
1,note_on,63,D#4,0.2992125984251969,1.5767550166666666,97.86128249999999
1,note_on,66,F#4,0.2992125984251969,0.7894740000000127,97.86128249999999
1,note_on,54,F#3,0.30708661417322836,0.7478073166666661,98.6507565
1,note_on,33,A1,0.31496062992125984,2.847916666666663,99.4402305
1,note_on,45,A2,0.31496062992125984,2.847916666666663,99.4402305
1,note_on,54,F#3,0.3228346456692913,0.49791666666666856,99.9402305
1,note_on,60,C4,0.3228346456692913,0.49791666666666856,99.9402305
1,note_on,63,D#4,0.3228346456692913,0.49791666666666856,99.9402305
1,note_on,54,F#3,0.33070866141732286,0.49791666666666856,100.4402305
1,note_on,60,C4,0.33070866141732286,0.49791666666666856,100.4402305
1,note_on,63,D#4,0.33070866141732286,0.49791666666666856,100.4402305
1,note_on,54,F#3,0.33858267716535434,0.49791666666666856,100.9402305
1,note_on,60,C4,0.33858267716535434,0.49791666666666856,100.9402305
1,note_on,63,D#4,0.33858267716535434,0.49791666666666856,100.9402305
1,note_on,54,F#3,0.3464566929133858,0.49791666666666856,101.4402305
1,note_on,60,C4,0.3464566929133858,0.49791666666666856,101.4402305
1,note_on,63,D#4,0.3464566929133858,0.49791666666666856,101.4402305
1,note_on,56,G#3,0.3543307086614173,0.49791666666666856,101.9402305
1,note_on,60,C4,0.3543307086614173,0.49791666666666856,101.9402305
1,note_on,63,D#4,0.3543307086614173,0.49791666666666856,101.9402305
1,note_on,54,F#3,0.36220472440944884,1.4979166666666686,102.4402305
1,note_on,60,C4,0.36220472440944884,1.4979166666666686,102.4402305
1,note_on,63,D#4,0.36220472440944884,1.4979166666666686,102.4402305
1,note_on,34,A#1,0.3779527559055118,2.7123017229166635,103.9402305
1,note_on,46,A#2,0.3779527559055118,2.7123017229166635,103.9402305
1,note_on,54,F#3,0.3858267716535433,0.67658733541667,104.65451625
1,note_on,58,A#3,0.3858267716535433,2.033730260416661,104.65451625
1,note_on,61,C#4,0.3858267716535433,1.4285715000000039,104.65451625
1,note_on,56,G#3,0.4015748031496063,0.67658733541667,105.368802
1,note_on,61,C#4,0.4094488188976378,0.6765873354166558,106.08308775
1,note_on,58,A#3,0.41732283464566927,0.67658733541667,106.79737349999999
1,note_on,61,C#4,0.41732283464566927,1.3551587979166726,106.79737349999999
1,note_on,66,F#4,0.41732283464566927,0.7142857500000019,106.79737349999999
1,note_on,54,F#3,0.4330708661417323,0.67658733541667,107.51165925
1,note_on,36,C2,0.4409448818897638,2.589015410416664,108.225945
1,note_on,48,C3,0.4409448818897638,2.589015410416664,108.225945
1,note_on,54,F#3,0.44881889763779526,0.452651560416669,108.68049049999999
1,note_on,58,A#3,0.44881889763779526,0.452651560416669,108.68049049999999
1,note_on,63,D#4,0.44881889763779526,0.452651560416669,108.68049049999999
1,note_on,54,F#3,0.4566929133858268,0.452651560416669,109.135036
1,note_on,58,A#3,0.4566929133858268,0.452651560416669,109.135036
1,note_on,63,D#4,0.4566929133858268,0.452651560416669,109.135036
1,note_on,54,F#3,0.4645669291338583,0.452651560416669,109.5895815
1,note_on,58,A#3,0.4645669291338583,0.452651560416669,109.5895815
1,note_on,63,D#4,0.4645669291338583,0.452651560416669,109.5895815
1,note_on,54,F#3,0.4645669291338583,0.452651560416669,110.04412699999999
1,note_on,58,A#3,0.4645669291338583,0.452651560416669,110.04412699999999
1,note_on,63,D#4,0.4645669291338583,0.452651560416669,110.04412699999999
1,note_on,56,G#3,0.47244094488188976,0.452651560416669,110.4986725
1,note_on,60,C4,0.47244094488188976,0.452651560416669,110.4986725
1,note_on,65,F4,0.47244094488188976,0.452651560416669,110.4986725
1,note_on,54,F#3,0.48031496062992124,1.3617425604166726,110.95321799999999
1,note_on,58,A#3,0.48031496062992124,1.3617425604166726,110.95321799999999
1,note_on,63,D#4,0.48031496062992124,1.3617425604166726,110.95321799999999
1,note_on,37,C#2,0.5039370078740157,2.4764486562499997,112.31685449999999
1,note_on,49,C#3,0.5039370078740157,2.4764486562499997,112.31685449999999
1,note_on,54,F#3,0.5118110236220472,0.6177534687499957,112.96902825
1,note_on,58,A#3,0.5118110236220472,1.8568835937499983,112.96902825
1,note_on,61,C#4,0.5118110236220472,1.8568835937499983,112.96902825
1,note_on,56,G#3,0.5196850393700787,0.6177534687499957,113.621202
1,note_on,63,D#4,0.5354330708661418,0.6177534687500099,114.27337574999999
1,note_on,61,C#4,0.5433070866141733,0.6177534687499957,114.92554949999999
1,note_on,66,F#4,0.5433070866141733,1.237318531249997,114.92554949999999
1,note_on,70,A#4,0.5433070866141733,0.6521737500000029,114.92554949999999
1,note_on,58,A#3,0.5511811023622047,0.6177534687499957,115.57772324999999
1,note_on,39,D#2,0.5669291338582677,2.373262939583327,116.229897
1,note_on,51,D#3,0.5669291338582677,2.373262939583327,116.229897
1,note_on,58,A#3,0.5748031496062992,0.3940970645833346,116.6465635
1,note_on,61,C#4,0.5748031496062992,0.3940970645833346,116.6465635
1,note_on,66,F#4,0.5748031496062992,0.3940970645833346,116.6465635
1,note_on,58,A#3,0.5748031496062992,0.3940970645833346,117.06322999999999
1,note_on,61,C#4,0.5748031496062992,0.3940970645833346,117.06322999999999
1,note_on,66,F#4,0.5748031496062992,0.3940970645833346,117.06322999999999
1,note_on,58,A#3,0.5826771653543307,0.3940970645833346,117.4798965
1,note_on,61,C#4,0.5826771653543307,0.3940970645833346,117.4798965
1,note_on,66,F#4,0.5826771653543307,0.3940970645833346,117.4798965
1,note_on,58,A#3,0.5905511811023622,0.3940970645833204,117.896563
1,note_on,61,C#4,0.5905511811023622,0.3940970645833204,117.896563
1,note_on,66,F#4,0.5905511811023622,0.3940970645833204,117.896563
1,note_on,60,C4,0.5984251968503937,0.3940970645833346,118.31322949999999
1,note_on,63,D#4,0.5984251968503937,0.3940970645833346,118.31322949999999
1,note_on,68,G#4,0.5984251968503937,0.3940970645833346,118.31322949999999
1,note_on,58,A#3,0.6062992125984252,0.3940970645833346,118.729896
1,note_on,61,C#4,0.6062992125984252,0.3940970645833346,118.729896
1,note_on,66,F#4,0.6062992125984252,0.3940970645833346,118.729896
1,note_on,61,C#4,0.6141732283464567,0.3940970645833346,119.14656249999999
1,note_on,66,F#4,0.6141732283464567,0.3940970645833346,119.14656249999999
1,note_on,70,A#4,0.6141732283464567,0.3940970645833346,119.14656249999999
1,note_on,63,D#4,0.6220472440944882,0.3940970645833346,119.56322899999999
1,note_on,66,F#4,0.6220472440944882,0.3940970645833346,119.56322899999999
1,note_on,70,A#4,0.6220472440944882,0.3940970645833346,119.56322899999999
1,note_on,65,F4,0.6299212598425197,2.5696342916666737,119.9798955
1,note_on,68,G#4,0.6299212598425197,2.4714203333333273,120.07632375
1,note_on,73,C#5,0.6220472440944882,2.3714206666666655,120.17632341666666
1,note_on,77,F5,0.6220472440944882,2.26963529166666,120.27810879166667
1,note_on,80,G#5,0.6141732283464567,2.1732070416666573,120.37453704166667
1,note_on,85,C#6,0.6062992125984252,2.069635958333336,120.47810812499999
1,note_on,92,G#6,0.6062992125984252,1.9714219999999898,120.57632208333334
1,note_on,64,E4,0.5118110236220472,1.3617425604166726,122.5513155
1,note_on,68,G#4,0.5039370078740157,1.2632577020833367,122.64790641875
1,note_on,70,A#4,0.5039370078740157,1.160984964583335,122.75017915625
1,note_on,73,C#5,0.49606299212598426,1.062500106249999,122.84866401458333
1,note_on,76,E5,0.49606299212598426,0.9621213083333373,122.9490428125
1,note_on,80,G#5,0.4881889763779528,0.8617425104166614,123.04942161041667
1,note_on,85,C#6,0.48031496062992124,0.7613637124999997,123.14980040833333
1,note_on,92,G#6,0.48031496062992124,0.660984914583338,123.25017920625
1,note_on,63,D#4,0.44881889763779526,2.855158872916661,123.914952
1,note_on,66,F#4,0.4409448818897638,2.7579366458333254,124.0101901
1,note_on,68,G#4,0.4409448818897638,2.656746164583325,124.11138058125
1,note_on,73,C#5,0.4330708661417323,2.5575398104166567,124.21058693541667
1,note_on,75,D#5,0.4330708661417323,2.456349329166656,124.31177741666667
1,note_on,80,G#5,0.4251968503937008,2.357142975000002,124.41098377083333
1,note_on,85,C#6,0.4251968503937008,2.257936620833334,124.510190125
1,note_on,92,G#6,0.41732283464566927,2.1567461395833334,124.61138060625
1,note_on,56,G#3,0.3228346456692913,0.20000000000000284,126.772095
1,note_on,63,D#4,0.31496062992125984,0.21052640000000622,126.98667833333333
1,note_on,66,F#4,0.30708661417322836,0.21052640000000622,127.21255561666666
1,note_on,72,C5,0.2992125984251969,0.21052640000000622,127.4384329
1,note_on,68,G#4,0.29133858267716534,0.28571420000000103,127.6621172
1,note_on,75,D#5,0.28346456692913385,0.5,127.96866472708334
1,note_on,80,G#5,0.2755905511811024,1.3333333999999866,128.50512306041665
1,note_on,37,C#2,0.25984251968503935,0.9361979166666572,129.9287342416667
1,note_on,44,G#2,0.25984251968503935,0.1549479166666572,130.0849842416667
1,note_on,49,C#3,0.25984251968503935,0.1549479166666572,130.2412342416667
1,note_on,53,F3,0.25984251968503935,0.1549479166666572,130.3974842416667
1,note_on,56,G#3,0.25984251968503935,0.1549479166666572,130.5537342416667
1,note_on,61,C#4,0.25984251968503935,0.1471354166666572,130.7099842416667
1,note_on,41,F2,0.25984251968503935,0.9361979166666572,130.8662342416667
1,note_on,48,C3,0.25984251968503935,0.1549479166666572,131.0224842416667
1,note_on,53,F3,0.25984251968503935,0.1549479166666572,131.1787342416667
1,note_on,56,G#3,0.25984251968503935,0.1549479166666572,131.3349842416667
1,note_on,60,C4,0.25984251968503935,0.1549479166666572,131.4912342416667
1,note_on,65,F4,0.25984251968503935,0.1549479166666572,131.6474842416667
1,note_on,44,G#2,0.25984251968503935,0.9361979166666572,131.8037342416667
1,note_on,52,E3,0.25984251968503935,0.1549479166666572,131.9599842416667
1,note_on,56,G#3,0.25984251968503935,0.1549479166666572,132.1162342416667
1,note_on,59,B3,0.25984251968503935,0.1549479166666572,132.2724842416667
1,note_on,64,E4,0.25984251968503935,0.1549479166666572,132.4287342416667
1,note_on,68,G#4,0.25984251968503935,0.1549479166666572,132.5849842416667
1,note_on,37,C#2,0.25984251968503935,0.9361979166666572,132.7412342416667
1,note_on,44,G#2,0.25984251968503935,0.1549479166666572,132.8974842416667
1,note_on,49,C#3,0.25984251968503935,0.1549479166666572,133.0537342416667
1,note_on,53,F3,0.25984251968503935,0.1549479166666572,133.2099842416667
1,note_on,56,G#3,0.25984251968503935,0.1549479166666572,133.3662342416667
1,note_on,61,C#4,0.25984251968503935,0.1471354166666572,133.5224842416667
1,note_on,41,F2,0.25984251968503935,0.9361979166666572,133.6787342416667
1,note_on,48,C3,0.25984251968503935,0.1549479166666572,133.8349842416667
1,note_on,53,F3,0.25984251968503935,0.1549479166666572,133.9912342416667
1,note_on,56,G#3,0.25984251968503935,0.1549479166666572,134.1474842416667
1,note_on,60,C4,0.25984251968503935,0.1549479166666572,134.3037342416667
1,note_on,65,F4,0.25984251968503935,0.1549479166666572,134.4599842416667
1,note_on,44,G#2,0.25984251968503935,0.9361979166666572,134.6162342416667
1,note_on,52,E3,0.25984251968503935,0.1549479166666572,134.7724842416667
1,note_on,56,G#3,0.25984251968503935,0.1549479166666572,134.9287342416667
1,note_on,59,B3,0.25984251968503935,0.1549479166666572,135.0849842416667
1,note_on,64,E4,0.25984251968503935,0.1471354166666572,135.3974842416667
1,note_on,37,C#2,0.25984251968503935,0.1549479166666572,135.5537342416667
1,note_on,44,G#2,0.25984251968503935,0.1549479166666572,135.7099842416667
1,note_on,49,C#3,0.25984251968503935,0.1549479166666572,135.8662342416667
1,note_on,53,F3,0.2677165354330709,0.1549479166666572,136.0224842416667
1,note_on,56,G#3,0.2677165354330709,0.1549479166666572,136.1787342416667
1,note_on,61,C#4,0.2755905511811024,0.1549479166666572,136.3349842416667
1,note_on,65,F4,0.2755905511811024,0.1549479166666572,136.4912342416667
1,note_on,68,G#4,0.28346456692913385,0.1549479166666572,136.6474842416667
1,note_on,65,F4,0.28346456692913385,0.1549479166666572,136.8037342416667
1,note_on,61,C#4,0.29133858267716534,0.1549479166666572,136.9599842416667
1,note_on,56,G#3,0.29133858267716534,0.1549479166666572,137.1162342416667
1,note_on,53,F3,0.29133858267716534,0.1549479166666572,137.2724842416667
1,note_on,56,G#3,0.2992125984251969,0.1549479166666572,137.4287342416667
1,note_on,53,F3,0.2992125984251969,0.1549479166666572,137.5849842416667
1,note_on,49,C#3,0.30708661417322836,0.1549479166666572,137.7412342416667
1,note_on,44,G#2,0.30708661417322836,0.1549479166666572,137.8974842416667
1,note_on,49,C#3,0.31496062992125984,0.1549479166666572,138.0537342416667
1,note_on,44,G#2,0.31496062992125984,0.1471354166666572,138.2099842416667
1,note_on,39,D#2,0.3228346456692913,0.1549479166666572,138.3662342416667
1,note_on,46,A#2,0.3228346456692913,0.1549479166666572,138.5224842416667
1,note_on,51,D#3,0.3228346456692913,0.1549479166666572,138.6787342416667
1,note_on,55,G3,0.33070866141732286,0.1549479166666572,138.8349842416667
1,note_on,58,A#3,0.33070866141732286,0.1549479166666572,138.9912342416667
1,note_on,63,D#4,0.33858267716535434,0.1549479166666572,139.1474842416667
1,note_on,63,D#4,0.3464566929133858,0.1549479166666572,139.4599842416667
1,note_on,58,A#3,0.3464566929133858,0.1549479166666572,139.6162342416667
1,note_on,55,G3,0.3543307086614173,0.1549479166666572,139.7724842416667
1,note_on,51,D#3,0.3543307086614173,0.1549479166666572,139.9287342416667
1,note_on,46,A#2,0.3543307086614173,0.1549479166666572,140.0849842416667
1,note_on,39,D#2,0.36220472440944884,0.1549479166666572,140.2412342416667
1,note_on,46,A#2,0.36220472440944884,0.1549479166666572,140.3974842416667
1,note_on,51,D#3,0.3700787401574803,0.1549479166666572,140.5537342416667
1,note_on,55,G3,0.3700787401574803,0.1549479166666572,140.7099842416667
1,note_on,51,D#3,0.3779527559055118,0.1549479166666572,140.8662342416667
1,note_on,46,A#2,0.3779527559055118,0.1471354166666572,141.0224842416667
1,note_on,44,G#2,0.3858267716535433,0.9361979166666572,141.1787342416667
1,note_on,51,D#3,0.3858267716535433,0.1549479166666572,141.3349842416667
1,note_on,54,F#3,0.3858267716535433,0.1549479166666572,141.4912342416667
1,note_on,58,A#3,0.3858267716535433,0.1549479166666572,141.6474842416667
1,note_on,60,C4,0.3858267716535433,0.1549479166666572,141.8037342416667
1,note_on,66,F#4,0.3858267716535433,0.1471354166666572,141.9599842416667
1,note_on,42,F#2,0.3858267716535433,0.9361979166666572,142.1162342416667
1,note_on,49,C#3,0.3858267716535433,0.1549479166666572,142.2724842416667
1,note_on,54,F#3,0.3858267716535433,0.1549479166666572,142.4287342416667
1,note_on,58,A#3,0.3858267716535433,0.1549479166666572,142.5849842416667
1,note_on,61,C#4,0.3858267716535433,0.1549479166666572,142.7412342416667
1,note_on,66,F#4,0.3858267716535433,0.1471354166666572,142.8974842416667
1,note_on,41,F2,0.3858267716535433,0.9361979166666572,143.0537342416667
1,note_on,48,C3,0.3858267716535433,0.1549479166666572,143.2099842416667
1,note_on,53,F3,0.3858267716535433,0.1549479166666572,143.3662342416667
1,note_on,56,G#3,0.3858267716535433,0.1549479166666572,143.5224842416667
1,note_on,60,C4,0.3858267716535433,0.2955729166666572,143.6787342416667
1,note_on,44,G#2,0.3858267716535433,0.9361979166666572,143.9912342416667
1,note_on,51,D#3,0.3858267716535433,0.1549479166666572,144.1474842416667
1,note_on,54,F#3,0.3858267716535433,0.1549479166666572,144.3037342416667
1,note_on,58,A#3,0.3858267716535433,0.1549479166666572,144.4599842416667
1,note_on,60,C4,0.3858267716535433,0.1549479166666572,144.6162342416667
1,note_on,66,F#4,0.3858267716535433,0.1471354166666572,144.7724842416667
1,note_on,42,F#2,0.3858267716535433,0.9361979166666572,144.9287342416667
1,note_on,49,C#3,0.3858267716535433,0.1549479166666572,145.0849842416667
1,note_on,54,F#3,0.3858267716535433,0.1549479166666572,145.2412342416667
1,note_on,58,A#3,0.3858267716535433,0.1549479166666572,145.3974842416667
1,note_on,61,C#4,0.3858267716535433,0.1549479166666572,145.5537342416667
1,note_on,66,F#4,0.3858267716535433,0.1471354166666572,145.7099842416667
1,note_on,41,F2,0.3858267716535433,0.9361979166666572,145.8662342416667
1,note_on,48,C3,0.3858267716535433,0.1549479166666572,146.0224842416667
1,note_on,53,F3,0.3858267716535433,0.1549479166666572,146.1787342416667
1,note_on,56,G#3,0.3858267716535433,0.1549479166666572,146.3349842416667
1,note_on,60,C4,0.3858267716535433,0.2955729166666572,146.4912342416667
1,note_on,39,D#2,0.3858267716535433,0.9361979166666572,146.8037342416667
1,note_on,46,A#2,0.3858267716535433,0.1549479166666572,146.9599842416667
1,note_on,51,D#3,0.3858267716535433,0.1549479166666572,147.1162342416667
1,note_on,54,F#3,0.3858267716535433,0.1549479166666572,147.2724842416667
1,note_on,58,A#3,0.3858267716535433,0.1549479166666572,147.4287342416667
1,note_on,63,D#4,0.3858267716535433,0.1471354166666572,147.5849842416667
1,note_on,66,F#4,0.3858267716535433,0.15625,147.7412342416667
1,note_on,65,F4,0.3858267716535433,0.4674479166666572,148.2099842416667
1,note_on,62,D4,0.3858267716535433,0.4674479166666572,148.6787342416667
1,note_on,63,D#4,0.3858267716535433,0.4440104166666572,149.1474842416667
1,note_on,62,D4,0.3858267716535433,0.9361979166666572,149.6162342416667
1,note_on,66,F#4,0.3858267716535433,0.1549479166666572,149.7724842416667
1,note_on,70,A#4,0.3858267716535433,0.1549479166666572,149.9287342416667
1,note_on,70,A#4,0.3858267716535433,0.1549479166666572,150.0849842416667
1,note_on,78,F#5,0.3858267716535433,0.1549479166666572,150.2412342416667
1,note_on,82,A#5,0.3858267716535433,0.9375,150.3974842416667
1,note_on,63,D#4,0.3858267716535433,0.9361979166666572,150.5537342416667
1,note_on,66,F#4,0.3858267716535433,0.1549479166666572,150.7099842416667
1,note_on,70,A#4,0.3858267716535433,0.1549479166666572,150.8662342416667
1,note_on,70,A#4,0.3858267716535433,0.1549479166666572,151.0224842416667
1,note_on,78,F#5,0.3858267716535433,0.1549479166666572,151.1787342416667
1,note_on,82,A#5,0.3858267716535433,0.1549479166666572,151.3349842416667
1,note_on,60,C4,0.3858267716535433,0.1549479166666572,151.4912342416667
1,note_on,56,G#3,0.3858267716535433,0.9361979166666572,151.4912342416667
1,note_on,64,E4,0.3858267716535433,0.1549479166666572,151.6474842416667
1,note_on,68,G#4,0.3858267716535433,0.1549479166666572,151.8037342416667
1,note_on,72,C5,0.3858267716535433,0.1549479166666572,151.9599842416667
1,note_on,76,E5,0.3858267716535433,0.1549479166666572,152.1162342416667
1,note_on,80,G#5,0.3858267716535433,0.1471354166666572,152.2724842416667
1,note_on,49,C#3,0.3858267716535433,0.9361979166666572,152.4287342416667
1,note_on,56,G#3,0.3858267716535433,0.1549479166666572,152.5849842416667
1,note_on,61,C#4,0.3858267716535433,0.1549479166666572,152.7412342416667
1,note_on,65,F4,0.3937007874015748,0.1549479166666572,152.8974842416667
1,note_on,68,G#4,0.3937007874015748,0.1549479166666572,153.0537342416667
1,note_on,73,C#5,0.4015748031496063,0.1471354166666572,153.2099842416667
1,note_on,56,G#3,0.4015748031496063,0.1549479166666572,153.3662342416667
1,note_on,53,F3,0.4015748031496063,0.9361979166666572,153.3662342416667
1,note_on,60,C4,0.4094488188976378,0.1549479166666572,153.5224842416667
1,note_on,65,F4,0.4094488188976378,0.1549479166666572,153.6787342416667
1,note_on,68,G#4,0.4094488188976378,0.1549479166666572,153.8349842416667
1,note_on,72,C5,0.41732283464566927,0.1549479166666572,153.9912342416667
1,note_on,77,F5,0.41732283464566927,0.1549479166666572,154.1474842416667
1,note_on,59,B3,0.4251968503937008,0.1549479166666572,154.3037342416667
1,note_on,56,G#3,0.4251968503937008,0.9361979166666572,154.3037342416667
1,note_on,64,E4,0.4251968503937008,0.1549479166666572,154.4599842416667
1,note_on,68,G#4,0.4330708661417323,0.1549479166666572,154.6162342416667
1,note_on,71,B4,0.4330708661417323,0.1549479166666572,154.7724842416667
1,note_on,76,E5,0.4330708661417323,0.1549479166666572,154.9287342416667
1,note_on,80,G#5,0.4409448818897638,0.1471354166666572,155.0849842416667
1,note_on,49,C#3,0.4409448818897638,0.9361979166666572,155.2412342416667
1,note_on,56,G#3,0.44881889763779526,0.1549479166666572,155.3974842416667
1,note_on,61,C#4,0.44881889763779526,0.1549479166666572,155.5537342416667
1,note_on,65,F4,0.4566929133858268,0.1549479166666572,155.7099842416667
1,note_on,68,G#4,0.4566929133858268,0.1549479166666572,155.8662342416667
1,note_on,73,C#5,0.4645669291338583,0.1471354166666572,156.0224842416667
1,note_on,56,G#3,0.4645669291338583,0.1549479166666572,156.1787342416667
1,note_on,53,F3,0.4645669291338583,0.9361979166666572,156.1787342416667
1,note_on,60,C4,0.4645669291338583,0.1549479166666572,156.3349842416667
1,note_on,65,F4,0.47244094488188976,0.1549479166666572,156.4912342416667
1,note_on,68,G#4,0.47244094488188976,0.1549479166666572,156.6474842416667
1,note_on,72,C5,0.48031496062992124,0.1549479166666572,156.8037342416667
1,note_on,77,F5,0.48031496062992124,0.1549479166666572,156.9599842416667
1,note_on,59,B3,0.4881889763779528,0.1549479166666572,157.1162342416667
1,note_on,56,G#3,0.4881889763779528,0.9361979166666572,157.1162342416667
1,note_on,64,E4,0.4881889763779528,0.1549479166666572,157.2724842416667
1,note_on,68,G#4,0.4881889763779528,0.1549479166666572,157.4287342416667
1,note_on,71,B4,0.49606299212598426,0.1549479166666572,157.5849842416667
1,note_on,76,E5,0.5039370078740157,0.1471354166666572,157.8974842416667
1,note_on,61,C#4,0.5039370078740157,0.14583326041667988,158.0537342416667
1,note_on,59,B3,0.5039370078740157,0.8811270104166624,158.0537342416667
1,note_on,64,E4,0.5118110236220472,0.14583326041665146,158.2007929916667
1,note_on,68,G#4,0.5118110236220472,0.14583326041667988,158.3478517416667
1,note_on,71,B4,0.5118110236220472,0.41789194791664386,158.4949104916667
1,note_on,64,E4,0.5275590551181102,0.14583326041667988,158.93608674166668
1,note_on,61,C#4,0.5275590551181102,0.8811270104166624,158.93608674166668
1,note_on,68,G#4,0.5275590551181102,0.14583326041665146,159.0831454916667
1,note_on,71,B4,0.5354330708661418,0.14583326041667988,159.23020424166668
1,note_on,73,C#5,0.5354330708661418,0.4178919479166723,159.3772629916667
1,note_on,68,G#4,0.5433070866141733,0.14583326041667988,159.81843924166668
1,note_on,64,E4,0.5433070866141733,0.8811270104166624,159.81843924166668
1,note_on,71,B4,0.5511811023622047,0.14583326041665146,159.9654979916667
1,note_on,73,C#5,0.5511811023622047,0.14583326041667988,160.11255674166668
1,note_on,76,E5,0.5590551181102362,0.4178919479166723,160.2596154916667
1,note_on,68,G#4,0.5669291338582677,0.8811270104166908,160.70079174166668
1,note_on,69,A4,0.5669291338582677,0.14583326041665146,160.8478504916667
1,note_on,73,C#5,0.5748031496062992,0.14583326041667988,160.99490924166668
1,note_on,80,G#5,0.5748031496062992,0.14583326041667988,161.1419679916667
1,note_on,85,C#6,0.5826771653543307,0.14583326041665146,161.2890267416667
1,note_on,81,A5,0.5826771653543307,0.13848032291667778,161.4360854916667
1,note_on,66,F#4,0.5905511811023622,0.8811270104166624,161.5831442416667
1,note_on,69,A4,0.5905511811023622,0.14583326041667988,161.7302029916667
1,note_on,73,C#5,0.5905511811023622,0.14583326041665146,161.8772617416667
1,note_on,78,F#5,0.5984251968503937,0.14583326041667988,162.02432049166669
1,note_on,85,C#6,0.5984251968503937,0.14583326041665146,162.1713792416667
1,note_on,81,A5,0.6062992125984252,0.13848032291667778,162.31843799166668
1,note_on,66,F#4,0.6062992125984252,0.14583326041665146,162.4654967416667
1,note_on,65,F4,0.6062992125984252,0.8811270104166624,162.4654967416667
1,note_on,69,A4,0.6141732283464567,0.14583326041667988,162.61255549166668
1,note_on,73,C#5,0.6141732283464567,0.14583326041665146,162.7596142416667
1,note_on,78,F#5,0.6220472440944882,0.14583326041667988,162.90667299166668
1,note_on,85,C#6,0.6220472440944882,0.14583326041665146,163.0537317416667
1,note_on,81,A5,0.6220472440944882,0.13848032291667778,163.20079049166668
1,note_on,66,F#4,0.6299212598425197,0.14583326041665146,163.3478492416667
1,note_on,64,E4,0.6299212598425197,0.8811270104166624,163.3478492416667
1,note_on,69,A4,0.6299212598425197,0.14583326041667988,163.49490799166668
1,note_on,73,C#5,0.6377952755905512,0.14583326041665146,163.6419667416667
1,note_on,78,F#5,0.6377952755905512,0.14583326041667988,163.78902549166668
1,note_on,85,C#6,0.6456692913385826,0.14583326041665146,163.9360842416667
1,note_on,81,A5,0.6456692913385826,0.13848032291667778,164.08314299166668
1,note_on,66,F#4,0.6456692913385826,0.14583326041667988,164.2302017416667
1,note_on,63,D#4,0.6456692913385826,0.8811270104166624,164.2302017416667
1,note_on,69,A4,0.6535433070866141,0.14583326041667988,164.37726049166668
1,note_on,73,C#5,0.6535433070866141,0.14583326041667988,164.5243192416667
1,note_on,78,F#5,0.6614173228346457,0.14583326041665146,164.6713779916667
1,note_on,85,C#6,0.6614173228346457,0.14583326041667988,164.8184367416667
1,note_on,81,A5,0.6692913385826772,0.13848032291664936,164.9654954916667
1,note_on,64,E4,0.6692913385826772,0.14583326041667988,165.1125542416667
1,note_on,61,C#4,0.6692913385826772,0.8811270104166624,165.1125542416667
1,note_on,69,A4,0.6692913385826772,0.14583326041665146,165.2596129916667
1,note_on,73,C#5,0.6771653543307087,0.14583326041667988,165.40667174166668
1,note_on,76,E5,0.6771653543307087,0.14583326041665146,165.5537304916667
1,note_on,85,C#6,0.6850393700787402,0.13848032291664936,165.8478479916667
1,note_on,59,B3,0.6929133858267716,0.8811270104166624,165.99490674166668
1,note_on,63,D#4,0.6929133858267716,0.14583326041665146,166.1419654916667
1,note_on,66,F#4,0.7007874015748031,0.14583326041667988,166.28902424166668
1,note_on,66,F#4,0.7007874015748031,0.14583326041665146,166.4360829916667
1,note_on,73,C#5,0.7007874015748031,0.14583326041667988,166.58314174166668
1,note_on,69,A4,0.7086614173228346,0.13848032291664936,166.7302004916667
1,note_on,57,A3,0.7086614173228346,0.8811270104166908,166.87725924166668
1,note_on,61,C#4,0.7165354330708661,0.14583326041665146,167.0243179916667
1,note_on,64,E4,0.7165354330708661,0.14583326041667988,167.17137674166668
1,note_on,66,F#4,0.7244094488188977,0.14583326041665146,167.3184354916667
1,note_on,73,C#5,0.7244094488188977,0.14583326041665146,167.4654942416667
1,note_on,69,A4,0.7244094488188977,0.13848032291667778,167.6125529916667
1,note_on,56,G#3,0.7322834645669292,0.8811270104166624,167.7596117416667
1,note_on,61,C#4,0.7322834645669292,0.14583326041667988,167.9066704916667
1,note_on,64,E4,0.7401574803149606,0.14583326041665146,168.0537292416667
1,note_on,69,A4,0.7401574803149606,0.14583326041667988,168.2007879916667
1,note_on,76,E5,0.7480314960629921,0.14583326041665146,168.3478467416667
1,note_on,81,A5,0.7480314960629921,0.13848032291667778,168.49490549166669
1,note_on,54,F#3,0.7559055118110236,2.499998750000003,168.6419642416667
1,note_on,61,C#4,0.7559055118110236,0.14583326041667988,168.78902299166668
1,note_on,64,E4,0.7559055118110236,0.14583326041665146,168.9360817416667
1,note_on,66,F#4,0.7559055118110236,0.14583326041667988,169.08314049166668
1,note_on,69,A4,0.7559055118110236,0.14583326041665146,169.2301992416667
1,note_on,73,C#5,0.7559055118110236,0.14583326041667988,169.37725799166668
1,note_on,76,E5,0.7559055118110236,0.14583326041665146,169.5243167416667
1,note_on,78,F#5,0.7559055118110236,0.14583326041667988,169.67137549166668
1,note_on,76,E5,0.7559055118110236,0.14583326041665146,169.8184342416667
1,note_on,73,C#5,0.7559055118110236,0.14583326041667988,169.96549299166668
1,note_on,69,A4,0.7559055118110236,0.14583326041665146,170.1125517416667
1,note_on,66,F#4,0.7559055118110236,0.13848032291667778,170.25961049166668
1,note_on,64,E4,0.7559055118110236,0.14583326041667988,170.4066692416667
1,note_on,66,F#4,0.7559055118110236,0.14583326041667988,170.55372799166668
1,note_on,64,E4,0.7559055118110236,0.14583326041665146,170.7007867416667
1,note_on,61,C#4,0.7559055118110236,0.14583326041665146,170.8478454916667
1,note_on,57,A3,0.7559055118110236,0.14583326041667988,170.9949042416667
1,note_on,54,F#3,0.7559055118110236,0.13848032291664936,171.1419629916667
1,note_on,42,F#2,0.7559055118110236,0.14583326041667988,171.2890217416667
1,note_on,49,C#3,0.7322834645669292,0.14583326041665146,171.4360804916667
1,note_on,52,E3,0.7007874015748031,0.14583326041667988,171.5831392416667
1,note_on,54,F#3,0.6771653543307087,0.14583326041665146,171.7301979916667
1,note_on,57,A3,0.6456692913385826,0.14583326041667988,171.87725674166668
1,note_on,61,C#4,0.6220472440944882,0.14583326041665146,172.0243154916667
1,note_on,64,E4,0.5905511811023622,0.14583326041667988,172.17137424166668
1,note_on,61,C#4,0.5669291338582677,0.14583326041665146,172.3184329916667
1,note_on,57,A3,0.5354330708661418,0.14583326041667988,172.46549174166668
1,note_on,54,F#3,0.5118110236220472,0.14583326041665146,172.6125504916667
1,note_on,52,E3,0.48031496062992124,0.14583326041667988,172.75960924166668
1,note_on,49,C#3,0.4566929133858268,0.13848032291664936,172.9066679916667
1,note_on,42,F#2,0.4251968503937008,0.14583326041667988,173.05372674166668
1,note_on,49,C#3,0.4015748031496063,0.14583326041665146,173.2007854916667
1,note_on,42,F#2,0.3700787401574803,0.14583326041667988,173.34784424166668
1,note_on,49,C#3,0.3464566929133858,0.14583326041665146,173.4949029916667
1,note_on,42,F#2,0.31496062992125984,0.14583326041665146,173.6419617416667
1,note_on,49,C#3,0.29133858267716534,0.13848032291667778,173.7890204916667
1,note_on,44,G#2,0.25984251968503935,0.14583326041667988,173.93607924166668
1,note_on,51,D#3,0.25984251968503935,0.14583326041665146,174.0831379916667
1,note_on,44,G#2,0.25984251968503935,0.14583326041665146,174.2301967416667
1,note_on,51,D#3,0.25984251968503935,0.14583326041667988,174.3772554916667
1,note_on,44,G#2,0.25984251968503935,0.14583326041665146,174.5243142416667
1,note_on,51,D#3,0.25984251968503935,0.14583326041667988,174.6713729916667
1,note_on,44,G#2,0.25984251968503935,0.14583326041665146,174.8184317416667
1,note_on,51,D#3,0.25984251968503935,0.14583326041667988,174.96549049166669
1,note_on,44,G#2,0.25984251968503935,0.14583326041665146,175.1125492416667
1,note_on,51,D#3,0.25984251968503935,0.14583326041667988,175.25960799166668
1,note_on,44,G#2,0.25984251968503935,0.14583326041665146,175.4066667416667
1,note_on,51,D#3,0.25984251968503935,0.14583326041667988,175.55372549166668
1,note_on,44,G#2,0.25984251968503935,0.14583326041665146,175.7007842416667
1,note_on,51,D#3,0.25984251968503935,0.14583326041667988,175.84784299166668
1,note_on,44,G#2,0.25984251968503935,0.14583326041665146,175.9949017416667
1,note_on,51,D#3,0.25984251968503935,0.14583326041667988,176.14196049166668
1,note_on,44,G#2,0.25984251968503935,0.14583326041665146,176.2890192416667
1,note_on,51,D#3,0.25984251968503935,0.14583326041667988,176.43607799166668
1,note_on,44,G#2,0.25984251968503935,0.14583326041667988,176.5831367416667
1,note_on,51,D#3,0.25984251968503935,0.14583326041667988,176.73019549166668
1,note_on,44,G#2,0.25984251968503935,0.14583326041667988,176.8772542416667
1,note_on,51,D#3,0.25984251968503935,0.14583326041665146,177.0243129916667
1,note_on,44,G#2,0.25984251968503935,0.14583326041667988,177.1713717416667
1,note_on,51,D#3,0.25984251968503935,0.14583326041665146,177.3184304916667
1,note_on,44,G#2,0.25984251968503935,0.14583326041667988,177.4654892416667
1,note_on,51,D#3,0.25984251968503935,0.14583326041665146,177.6125479916667
1,note_on,44,G#2,0.25984251968503935,0.14583326041667988,177.7596067416667
1,note_on,51,D#3,0.25984251968503935,0.14583326041665146,177.9066654916667
1,note_on,44,G#2,0.25984251968503935,0.14583326041667988,178.05372424166669
1,note_on,51,D#3,0.25984251968503935,0.14583326041665146,178.2007829916667
1,note_on,44,G#2,0.25984251968503935,0.14583326041667988,178.34784174166668
1,note_on,51,D#3,0.25984251968503935,0.14583326041665146,178.4949004916667
1,note_on,44,G#2,0.25984251968503935,0.14583326041667988,178.64195924166668
1,note_on,51,D#3,0.25984251968503935,0.14583326041665146,178.7890179916667
1,note_on,44,G#2,0.25984251968503935,0.14583326041667988,178.93607674166668
1,note_on,51,D#3,0.25984251968503935,0.13848032291664936,179.0831354916667
1,note_on,44,G#2,0.25984251968503935,0.14583326041667988,179.23019424166668
1,note_on,39,D#2,0.25984251968503935,0.14583326041667988,179.3772529916667
1,note_on,44,G#2,0.25984251968503935,0.14583326041667988,179.52431174166668
1,note_on,51,D#3,0.25984251968503935,0.14583326041665146,179.6713704916667
1,note_on,44,G#2,0.25984251968503935,0.14583326041665146,179.8184292416667
1,note_on,51,D#3,0.25984251968503935,0.14583326041667988,179.9654879916667
1,note_on,56,G#3,0.25984251968503935,0.14583326041667988,180.11254674166668
1,note_on,51,D#3,0.25984251968503935,0.14583326041667988,180.2596054916667
1,note_on,56,G#3,0.25984251968503935,0.14583326041665146,180.4066642416667
1,note_on,63,D#4,0.25984251968503935,0.14583326041667988,180.5537229916667
1,note_on,56,G#3,0.25984251968503935,0.14583326041665146,180.7007817416667
1,note_on,51,D#3,0.25984251968503935,0.14583326041667988,180.8478404916667
1,note_on,56,G#3,0.25984251968503935,0.14583326041665146,180.9948992416667
1,note_on,51,D#3,0.25984251968503935,0.14583326041667988,181.1419579916667
1,note_on,44,G#2,0.25984251968503935,0.14583326041665146,181.2890167416667
1,note_on,51,D#3,0.25984251968503935,0.14583326041667988,181.43607549166668
1,note_on,44,G#2,0.25984251968503935,0.14583326041665146,181.5831342416667
1,note_on,39,D#2,0.25984251968503935,0.13848032291667778,181.73019299166668
1,note_on,44,G#2,0.25984251968503935,0.14583326041665146,181.8772517416667
1,note_on,39,D#2,0.25984251968503935,0.14583326041667988,182.02431049166668
1,note_on,44,G#2,0.25984251968503935,0.14583326041665146,182.1713692416667
1,note_on,51,D#3,0.25984251968503935,0.14583326041667988,182.31842799166668
1,note_on,44,G#2,0.25984251968503935,0.14583326041665146,182.4654867416667
1,note_on,51,D#3,0.25984251968503935,0.14583326041667988,182.61254549166668
1,note_on,56,G#3,0.25984251968503935,0.14583326041667988,182.7596042416667
1,note_on,51,D#3,0.25984251968503935,0.14583326041667988,182.90666299166668
1,note_on,56,G#3,0.25984251968503935,0.14583326041665146,183.0537217416667
1,note_on,63,D#4,0.25984251968503935,0.14583326041665146,183.2007804916667
1,note_on,56,G#3,0.25984251968503935,0.14583326041667988,183.3478392416667
1,note_on,51,D#3,0.25984251968503935,0.14583326041667988,183.49489799166668
1,note_on,56,G#3,0.25984251968503935,0.14583326041667988,183.6419567416667
1,note_on,51,D#3,0.25984251968503935,0.14583326041665146,183.7890154916667
1,note_on,56,G#3,0.25984251968503935,0.14583326041667988,183.9360742416667
1,note_on,51,D#3,0.25984251968503935,0.14583326041665146,184.0831329916667
1,note_on,56,G#3,0.25984251968503935,0.14583326041667988,184.2301917416667
1,note_on,51,D#3,0.25984251968503935,0.13848032291664936,184.3772504916667
1,note_on,61,C#4,0.25984251968503935,1.470587500000022,184.52430924166669
1,note_on,54,F#3,0.25984251968503935,0.5870095104166637,184.52430924166669
1,note_on,56,G#3,0.25984251968503935,0.292892010416665,185.11254424166668
1,note_on,58,A#3,0.25984251968503935,0.5870095104166637,185.40666174166668
1,note_on,61,C#4,0.25984251968503935,0.292892010416665,185.9948967416667
1,note_on,60,C4,0.25984251968503935,0.8811270104166908,186.28901424166668
1,note_on,63,D#4,0.25984251968503935,0.14583326041667988,186.4360729916667
1,note_on,66,F#4,0.25984251968503935,0.14583326041665146,186.5831317416667
1,note_on,70,A#4,0.25984251968503935,0.14583326041667988,186.7301904916667
1,note_on,72,C5,0.25984251968503935,0.14583326041665146,186.8772492416667
1,note_on,75,D#5,0.25984251968503935,0.13848032291667778,187.0243079916667
1,note_on,61,C#4,0.25984251968503935,1.4705874999999935,187.1713667416667
1,note_on,54,F#3,0.25984251968503935,0.5870095104166637,187.1713667416667
1,note_on,56,G#3,0.25984251968503935,0.292892010416665,187.7596017416667
1,note_on,58,A#3,0.25984251968503935,0.5870095104166637,188.0537192416667
1,note_on,61,C#4,0.25984251968503935,0.292892010416665,188.6419542416667
1,note_on,60,C4,0.25984251968503935,0.8811270104166624,188.9360717416667
1,note_on,63,D#4,0.25984251968503935,0.14583326041667988,189.08313049166668
1,note_on,66,F#4,0.25984251968503935,0.14583326041665146,189.2301892416667
1,note_on,70,A#4,0.25984251968503935,0.14583326041665146,189.3772479916667
1,note_on,72,C5,0.25984251968503935,0.14583326041667988,189.5243067416667
1,note_on,75,D#5,0.25984251968503935,0.13848032291667778,189.67136549166668
1,note_on,66,F#4,0.25984251968503935,0.8823524999999961,189.8184242416667
1,note_on,70,A#4,0.25984251968503935,0.14583326041665146,189.9654829916667
1,note_on,73,C#5,0.25984251968503935,0.14583326041667988,190.1125417416667
1,note_on,75,D#5,0.25984251968503935,0.14583326041665146,190.2596004916667
1,note_on,78,F#5,0.25984251968503935,0.14583326041667988,190.4066592416667
1,note_on,82,A#5,0.25984251968503935,0.13848032291664936,190.5537179916667
1,note_on,66,F#4,0.25984251968503935,0.8811270104166624,190.7007767416667
1,note_on,70,A#4,0.25984251968503935,0.14583326041665146,190.8478354916667
1,note_on,73,C#5,0.25984251968503935,0.14583326041667988,190.99489424166669
1,note_on,75,D#5,0.25984251968503935,0.14583326041665146,191.1419529916667
1,note_on,78,F#5,0.25984251968503935,0.14583326041667988,191.28901174166668
1,note_on,84,C6,0.25984251968503935,0.13848032291664936,191.4360704916667
1,note_on,66,F#4,0.25984251968503935,0.8811270104166908,191.58312924166668
1,note_on,70,A#4,0.25984251968503935,0.14583326041667988,191.7301879916667
1,note_on,73,C#5,0.25984251968503935,0.14583326041667988,191.87724674166668
1,note_on,75,D#5,0.25984251968503935,0.14583326041665146,192.0243054916667
1,note_on,78,F#5,0.25984251968503935,0.14583326041665146,192.1713642416667
1,note_on,82,A#5,0.25984251968503935,0.13848032291667778,192.3184229916667
1,note_on,66,F#4,0.25984251968503935,0.8823525000000245,192.46548174166668
1,note_on,69,A4,0.25984251968503935,0.14583326041665146,192.6125404916667
1,note_on,73,C#5,0.25984251968503935,0.14583326041665146,192.7595992416667
1,note_on,75,D#5,0.25984251968503935,0.14583326041667988,192.9066579916667
1,note_on,78,F#5,0.25984251968503935,0.14583326041667988,193.05371674166668
1,note_on,81,A5,0.25984251968503935,0.13848032291667778,193.2007754916667
1,note_on,66,F#4,0.25984251968503935,0.8811270104166624,193.3478342416667
1,note_on,69,A4,0.25984251968503935,0.14583326041667988,193.4948929916667
1,note_on,73,C#5,0.25984251968503935,0.14583326041665146,193.6419517416667
1,note_on,75,D#5,0.25984251968503935,0.14583326041667988,193.7890104916667
1,note_on,78,F#5,0.25984251968503935,0.14583326041665146,193.9360692416667
1,note_on,83,B5,0.25984251968503935,0.13848032291667778,194.0831279916667
1,note_on,66,F#4,0.25984251968503935,0.8811270104166624,194.2301867416667
1,note_on,69,A4,0.25984251968503935,0.14583326041667988,194.37724549166668
1,note_on,73,C#5,0.25984251968503935,0.14583326041667988,194.5243042416667
1,note_on,75,D#5,0.25984251968503935,0.14583326041667988,194.67136299166668
1,note_on,78,F#5,0.25984251968503935,0.14583326041665146,194.8184217416667
1,note_on,81,A5,0.25984251968503935,0.13848032291664936,194.9654804916667
1,note_on,65,F4,0.1889763779527559,2.248443495833328,195.1125392416667
1,note_on,68,G#4,0.1889763779527559,0.18593799583334203,195.3000397416667
1,note_on,72,C5,0.1889763779527559,0.18593799583334203,195.4875402416667
1,note_on,77,F5,0.1889763779527559,0.18593799583334203,195.6750407416667
1,note_on,80,G#5,0.1889763779527559,0.18593799583334203,195.8625412416667
1,note_on,84,C6,0.1889763779527559,0.18593799583334203,196.0500417416667
1,note_on,65,F4,0.1889763779527559,1.1234404958333073,197.3625452416667
1,note_on,65,F4,0.1889763779527559,2.248443495833328,198.4875482416667
1,note_on,69,A4,0.1889763779527559,0.18593799583334203,198.6750487416667
1,note_on,72,C5,0.1889763779527559,0.18593799583334203,198.8625492416667
1,note_on,75,D#5,0.1889763779527559,0.18593799583334203,199.0500497416667
1,note_on,77,F5,0.1889763779527559,0.18593799583334203,199.2375502416667
1,note_on,81,A5,0.1889763779527559,0.17656297083334493,199.4250507416667
1,note_on,65,F4,0.1889763779527559,1.1234404958333357,200.7375542416667
1,note_on,65,F4,0.1889763779527559,2.248443495833328,201.8625572416667
1,note_on,68,G#4,0.1889763779527559,0.1859379958333136,202.0500577416667
1,note_on,70,A#4,0.1889763779527559,0.1859379958333136,202.2375582416667
1,note_on,73,C#5,0.1889763779527559,0.1859379958333136,202.4250587416667
1,note_on,77,F5,0.1889763779527559,0.1859379958333136,202.6125592416667
1,note_on,80,G#5,0.1889763779527559,0.1765629708333165,202.8000597416667
1,note_on,65,F4,0.1889763779527559,1.1234404958333357,204.1125632416667
1,note_on,63,D#4,0.1889763779527559,2.248443495833328,205.23756624166668
1,note_on,66,F#4,0.1889763779527559,0.18593799583334203,205.42506674166668
1,note_on,68,G#4,0.1889763779527559,0.18593799583334203,205.61256724166668
1,note_on,72,C5,0.1889763779527559,0.18593799583334203,205.80006774166668
1,note_on,75,D#5,0.1889763779527559,0.1859379958333136,205.9875682416667
1,note_on,78,F#5,0.1889763779527559,0.1765629708333165,206.1750687416667
1,note_on,63,D#4,0.1889763779527559,1.1234404958333357,207.4875722416667
1,note_on,61,C#4,0.1889763779527559,2.248443495833328,208.6125752416667
1,note_on,63,D#4,0.1889763779527559,0.18593799583334203,208.8000757416667
1,note_on,66,F#4,0.1889763779527559,0.18593799583334203,208.9875762416667
1,note_on,70,A#4,0.1889763779527559,0.18593799583334203,209.1750767416667
1,note_on,73,C#5,0.1889763779527559,0.18593799583334203,209.36257724166668
1,note_on,75,D#5,0.1889763779527559,0.17656297083334493,209.55007774166668
1,note_on,60,C4,0.1889763779527559,1.1234404958333357,210.8625812416667
1,note_on,63,D#4,0.1889763779527559,1.0578153208333276,210.92664391250003
1,note_on,65,F4,0.1889763779527559,0.9906276416666628,210.9938315916667
1,note_on,68,G#4,0.1889763779527559,0.923439962499998,211.06101927083336
1,note_on,72,C5,0.1889763779527559,0.85781478749999,211.12664444583336
1,note_on,48,C3,0.1889763779527559,2.248443495833328,211.9875842416667
1,note_on,54,F#3,0.1889763779527559,0.18593799583334203,212.1750847416667
1,note_on,58,A#3,0.1889763779527559,0.18593799583334203,212.3625852416667
1,note_on,60,C4,0.1889763779527559,0.18593799583334203,212.5500857416667
1,note_on,63,D#4,0.1889763779527559,0.18593799583334203,212.7375862416667
1,note_on,66,F#4,0.1889763779527559,0.18593799583334203,212.9250867416667
1,note_on,70,A#4,0.1889763779527559,1.1234404958333357,213.1125872416667
1,note_on,60,C4,0.1889763779527559,1.0671903458333531,214.23759024166668
1,note_on,63,D#4,0.1889763779527559,1.0671903458333531,214.23759024166668
1,note_on,53,F3,0.1889763779527559,1.0671903458333531,214.23759024166668
1,note_on,56,G#3,0.1889763779527559,2.248443495833328,215.3625932416667
1,note_on,58,A#3,0.1889763779527559,0.1859379958333136,215.5500937416667
1,note_on,61,C#4,0.1889763779527559,0.1859379958333136,215.7375942416667
1,note_on,65,F4,0.1889763779527559,0.1859379958333136,215.9250947416667
1,note_on,68,G#4,0.1889763779527559,0.18593799583334203,216.1125952416667
1,note_on,70,A#4,0.1889763779527559,0.18593799583334203,216.3000957416667
1,note_on,54,F#3,0.1889763779527559,1.1234404958333357,217.6125992416667
1,note_on,58,A#3,0.1889763779527559,1.0578153208333276,217.67666191250004
1,note_on,61,C#4,0.1889763779527559,0.9906276416666628,217.7438495916667
1,note_on,63,D#4,0.1889763779527559,0.923439962499998,217.81103727083337
1,note_on,53,F3,0.1889763779527559,2.248443495833328,218.7376022416667
1,note_on,56,G#3,0.1889763779527559,0.1859379958333136,218.9251027416667
1,note_on,58,A#3,0.1889763779527559,0.1859379958333136,219.1126032416667
1,note_on,61,C#4,0.1889763779527559,0.1859379958333136,219.3001037416667
1,note_on,65,F4,0.1889763779527559,0.18593799583334203,219.4876042416667
1,note_on,68,G#4,0.1889763779527559,0.1765629708333165,219.6751047416667
1,note_on,54,F#3,0.1889763779527559,1.0671903458333247,220.9876082416667
1,note_on,60,C4,0.1889763779527559,1.0671903458333247,220.9876082416667
1,note_on,51,D#3,0.1889763779527559,0.5328139208333482,220.9876082416667
1,note_on,44,G#2,0.1889763779527559,0.5328139208333482,221.5501097416667
1,note_on,37,C#2,0.25984251968503935,1.4984414958333332,222.11261124166668
1,note_on,44,G#2,0.25984251968503935,1.4984414958333332,222.11261124166668
1,note_on,53,F3,0.25984251968503935,0.37343849583334077,222.48761224166668
1,note_on,56,G#3,0.25984251968503935,0.37343849583334077,222.48761224166668
1,note_on,65,F4,0.25984251968503935,2.623444495833354,222.86261324166668
1,note_on,68,G#4,0.25984251968503935,2.5109441958333605,222.86261324166668
1,note_on,59,B3,0.30708661417322836,2.248443495833328,223.2376142416667
1,note_on,42,F#2,0.25984251968503935,1.423441295833328,225.4876202416667
1,note_on,49,C#3,0.25984251968503935,0.3750009999999975,225.4876202416667
1,note_on,49,C#3,0.25984251968503935,2.848445095833341,225.8626212416667
1,note_on,54,F#3,0.25984251968503935,2.848445095833341,225.8626212416667
1,note_on,58,A#3,0.25984251968503935,2.848445095833341,225.8626212416667
1,note_on,61,C#4,0.25984251968503935,2.848445095833341,225.8626212416667
1,note_on,44,G#2,0.25984251968503935,2.1359431958333346,228.8626292416667
1,note_on,53,F3,0.25984251968503935,0.7109393958333214,229.2376302416667
1,note_on,56,G#3,0.25984251968503935,0.7109393958333214,229.2376302416667
1,note_on,61,C#4,0.25984251968503935,1.0671903458333531,229.9876322416667
1,note_on,65,F4,0.25984251968503935,1.0671903458333531,229.9876322416667
1,note_on,59,B3,0.25984251968503935,2.1359431958333346,229.9876322416667
1,note_on,61,C#4,0.25984251968503935,1.0671903458333531,231.11263524166668
1,note_on,46,A#2,0.25984251968503935,1.423441295833328,232.2376382416667
1,note_on,63,D#4,0.25984251968503935,1.7796922458333313,232.6126392416667
1,note_on,53,F3,0.25984251968503935,2.848445095833341,232.6126392416667
1,note_on,58,A#3,0.25984251968503935,2.848445095833341,232.6126392416667
1,note_on,61,C#4,0.25984251968503935,1.0671903458333247,234.4876442416667
1,note_on,41,F2,0.25984251968503935,3.204696045833316,235.6126472416667
1,note_on,39,D#2,0.25984251968503935,2.1359431958333346,238.98765624166668
1,note_on,51,D#3,0.25984251968503935,1.1234404958333357,240.11265924166668
1,note_on,63,D#4,0.25984251968503935,1.0671903458333247,241.2376622416667
1,note_on,44,G#2,0.25984251968503935,2.248443495833328,242.3626652416667
1,note_on,51,D#3,0.25984251968503935,0.5609389958333395,242.9251667416667
1,note_on,80,G#5,0.25984251968503935,1.1234404958333357,243.48766824166668
1,note_on,56,G#3,0.25984251968503935,1.0671903458333247,244.6126712416667
1,note_on,37,C#2,0.25984251968503935,0.9361979166666572,245.7376742416667
1,note_on,44,G#2,0.25984251968503935,0.1549479166666572,245.8939242416667
1,note_on,49,C#3,0.25984251968503935,0.1549479166666572,246.0501742416667
1,note_on,53,F3,0.25984251968503935,0.1549479166666572,246.2064242416667
1,note_on,56,G#3,0.25984251968503935,0.1549479166666572,246.3626742416667
1,note_on,61,C#4,0.25984251968503935,0.1471354166666572,246.5189242416667
1,note_on,41,F2,0.25984251968503935,0.9663974145833265,246.6751742416667
1,note_on,48,C3,0.25196850393700787,0.15994616458331734,246.8364644916667
1,note_on,53,F3,0.25196850393700787,0.15994616458334576,246.99775474166668
1,note_on,56,G#3,0.25196850393700787,0.15994616458334576,247.1590449916667
1,note_on,60,C4,0.25196850393700787,0.15994616458331734,247.3203352416667
1,note_on,65,F4,0.25196850393700787,0.15188165208331839,247.4816254916667
1,note_on,37,C#2,0.25196850393700787,0.998611610416674,247.64291574166668
1,note_on,44,G#2,0.2440944881889764,0.1652778604166656,247.80958249166667
1,note_on,49,C#3,0.2440944881889764,0.1652778604166656,247.9762492416667
1,note_on,53,F3,0.2440944881889764,0.1652778604166656,248.14291599166668
1,note_on,56,G#3,0.2440944881889764,0.1652778604166656,248.30958274166667
1,note_on,61,C#4,0.2440944881889764,0.1569445229166604,248.4762494916667
1,note_on,41,F2,0.2440944881889764,1.033045718750003,248.64291624166668
1,note_on,48,C3,0.2440944881889764,0.17097696874998292,248.8153299916667
1,note_on,53,F3,0.23622047244094488,0.17097696874998292,248.9877437416667
1,note_on,56,G#3,0.23622047244094488,0.17097696874998292,249.1601574916667
1,note_on,60,C4,0.23622047244094488,0.17097696875001134,249.33257124166667
1,note_on,65,F4,0.23622047244094488,0.16235628124999835,249.50498499166667
1,note_on,44,G#2,0.23622047244094488,2.180997289583331,249.67739874166668
1,note_on,52,E3,0.23622047244094488,0.17708340416666601,249.85597024166668
1,note_on,56,G#3,0.2283464566929134,0.17708340416666601,250.0345417416667
1,note_on,59,B3,0.2283464566929134,0.17708340416666601,250.2131132416667
1,note_on,64,E4,0.2283464566929134,0.17708340416666601,250.39168474166667
1,note_on,66,F#4,0.2283464566929134,0.17708340416666601,250.57025624166667
1,note_on,68,G#4,0.2283464566929134,1.0540127145833367,250.74882774166667
1,note_on,49,C#3,0.2204724409448819,1.1522439354166636,251.85993924166667
1,note_on,56,G#3,0.2204724409448819,0.19070518541667525,252.05224699166666
1,note_on,61,C#4,0.2204724409448819,0.19070518541667525,252.24455474166666
1,note_on,65,F4,0.2125984251968504,0.19070518541667525,252.43686249166666
1,note_on,68,G#4,0.2125984251968504,0.19070518541667525,252.62917024166666
1,note_on,73,C#5,0.2125984251968504,0.1810897979166839,252.82147799166665
1,note_on,53,F3,0.2125984251968504,1.1983333333333235,253.01378574166665
1,note_on,60,C4,0.2125984251968504,0.1983333333333519,253.21378574166664
1,note_on,65,F4,0.2125984251968504,0.19833333333332348,253.41378574166666
1,note_on,68,G#4,0.2047244094488189,0.1983333333333519,253.61378574166665
1,note_on,72,C5,0.2047244094488189,0.19833333333332348,253.81378574166666
1,note_on,77,F5,0.2047244094488189,0.18833333333333258,254.01378574166665
1,note_on,49,C#3,0.2047244094488189,1.248263389583343,254.21378574166664
1,note_on,56,G#3,0.2047244094488189,0.20659713958332304,254.42211899166665
1,note_on,61,C#4,0.2047244094488189,0.20659713958335146,254.63045224166663
1,note_on,65,F4,0.1968503937007874,0.20659713958332304,254.83878549166664
1,note_on,68,G#4,0.1968503937007874,0.20659713958332304,255.04711874166665
1,note_on,73,C#5,0.1968503937007874,0.1961804770833453,255.25545199166663
1,note_on,53,F3,0.1968503937007874,1.3025359062500002,255.46378524166664
1,note_on,60,C4,0.1968503937007874,0.2155796562500143,255.68117649166663
1,note_on,65,F4,0.1968503937007874,0.2155796562500143,255.89856774166665
1,note_on,68,G#4,0.1968503937007874,0.21557965625004272,256.1159589916666
1,note_on,72,C5,0.1889763779527559,0.21557965624998587,256.33335024166666
1,note_on,77,F5,0.1889763779527559,0.20471009375000904,256.55074149166666
1,note_on,56,G#3,0.1889763779527559,2.7902238729166697,256.76813274166665
1,note_on,59,B3,0.1889763779527559,0.22537881041665742,256.99540549166665
1,note_on,64,E4,0.1889763779527559,0.22537881041665742,257.22267824166664
1,note_on,68,G#4,0.1889763779527559,0.22537881041665742,257.44995099166664
1,note_on,71,B4,0.18110236220472442,0.22537881041665742,257.67722374166664
1,note_on,76,E5,0.18110236220472442,1.5824315479166557,257.90449649166663
1,note_on,56,G#3,0.1732283464566929,3.0767550166666524,259.5603407416666
1,note_on,59,B3,0.1732283464566929,0.24791666666664014,259.8103407416666
1,note_on,64,E4,0.1732283464566929,0.24791666666664014,260.0603407416666
1,note_on,68,G#4,0.1732283464566929,0.24791666666664014,260.3103407416666
1,note_on,71,B4,0.1732283464566929,0.24791666666664014,260.5603407416666
1,note_on,76,E5,0.16535433070866143,1.7478076166666483,260.8103407416666
1,note_on,44,G#2,0.15748031496062992,1.5810183604166923,262.63928874166663
1,note_on,37,C#2,0.14960629921259844,3.637102333333303,264.30595524166665
1,note_on,44,G#2,0.14960629921259844,0.2916667687500194,264.60007299166665
1,note_on,49,C#3,0.14960629921259844,0.2916667687500194,264.89419074166665
1,note_on,53,F3,0.14960629921259844,0.2916667687500194,265.18830849166665
1,note_on,56,G#3,0.14960629921259844,0.2916667687500194,265.48242624166664
1,note_on,61,C#4,0.14960629921259844,0.2916667687500194,265.77654399166664
1,note_on,65,F4,0.14173228346456693,0.6223958333333144,266.07066174166664
1,note_on,68,G#4,0.14173228346456693,0.6223958333333144,266.69566174166664
1,note_on,73,C#5,0.14173228346456693,0.6223958333333144,267.32066174166664
1,note_on,77,F5,0.13385826771653545,0.6638887229166812,267.94566174166664
1,note_on,80,G#5,0.13385826771653545,0.6638887229166244,268.61232824166666
1,note_on,85,C#6,0.13385826771653545,0.6305553979166802,269.2789947416666
1,note_on,61,C#4,0.12598425196850394,4.282736810416679,269.94566124166664
1,note_on,68,G#4,0.12598425196850394,4.151784468750009,270.07363739374995
1,note_on,73,C#5,0.12598425196850394,4.020832127083338,270.2045897354166
1,note_on,77,F5,0.12598425196850394,3.8839274062499953,270.34149445624996
1,note_on,80,G#5,0.12598425196850394,3.7529750645833246,270.47244679791663
1,note_on,85,C#6,0.12598425196850394,3.616070343749982,270.60935151875
1,note_on,89,F6,0.12598425196850394,3.4851180020833112,270.74030386041665
1,note_on,92,G#6,0.12598425196850394,3.351189470833333,270.8742323916666
